Goal,Assist,Dribble,Progr Regain ,Blocked Shot,Blocked Cross,Line Break,Pass into Oppo Box,Loss of Poss,Foul Won,Total Tackles,Tackle %,Clearances,Recoveries,Interceptions,Total Crosses,Total Forward Passes,Total Passes,Def Aerial %,Shots,SOT %,Pass %,Progr Pass %,total_distance_m,total_high_intensity_distance_m,total_sprint_distance_m,acceleration_events,deceleration_events,max_speed_kph,cluster,Player,Closest Player,PC1,PC2,Closest Statistics
0.143312101910828,0.286624203821656,6.01911,55.45,0.0,0.0,3.00955,1.28981,12.1815,0.71656,5.73248,70.0,1.71975,9.17197,6.59236,1.28981,28.949,37.8344,100.0,2.00637,21.43,59.47,51.21,10515.283121682118,577.0058949308197,369.4107095441477,49.85611510791367,106.51079136690647,24.85690224266052,4,santiago gallego,quinn smyth,1.7702249023227825,-3.1321320530605625,"['Blocked Shot', 'Goal', 'Foul Won']"
0.3050847457627119,0.0,3.20339,54.72,0.152542,0.152542,3.50847,2.28814,8.23729,0.610169,3.66102,58.3333,1.0678,9.30509,6.86441,1.52542,27.9153,42.4068,0.0,1.52542,70.0,76.62,66.12,9735.088677101838,309.3360909264178,78.05737274981568,37.73371104815864,63.48441926345609,23.00924653816224,1,charlie cutrell,pablo gronvold,-0.12855912417045023,-1.1191752044470973,"['Def Aerial %', 'Total Tackles', 'Clearances']"
0.0,0.0,1.32,63.98,0.48,0.24,6.72,0.24,4.2,0.48,6.12,66.6667,4.56,14.76,10.56,0.0,43.68,56.04,100.0,0.24,100.0,73.02,67.65,9543.54304694125,343.03213382791,109.36561827885772,44.32835820895522,62.798507462686565,23.49437417221069,3,cooper jones,nico krempus,-4.702677247970031,-1.6127865070793233,"['Assist', 'Goal', 'SOT %']"
0.0,0.0,0.609137,60.47,0.304569,0.304569,2.74112,0.0,5.63452,0.609137,4.41624,79.3103,2.74112,11.8782,7.7665,0.152284,28.3249,38.9848,75.0,0.152284,0.0,71.09,62.96,9307.131330526743,337.5670138490477,160.89891594310862,43.04347826086957,86.08695652173914,24.23206803131104,5,jack ferriero,jack newton,-2.691990722792081,-1.013721453779072,"['Assist', 'Def Aerial %', 'Goal']"
0.0,0.0,1.86115,67.63,0.531758,0.132939,4.91876,0.132939,2.39291,0.531758,4.78582,80.5556,3.19055,13.161,9.83752,0.0,40.2807,50.7829,0.0,0.132939,100.0,75.13,69.58,8902.104289384026,191.5397385440357,71.47716299345558,34.8,46.56,22.47760799217224,3,nico krempus,james shanley,-4.429082229114924,-0.6191781978618263,"['Assist', 'Def Aerial %', 'SOT %']"
0.6703910614525139,0.0,3.85475,53.13,0.0,0.0,0.335196,0.670391,10.8939,0.837989,4.02235,54.1667,1.00559,6.03352,4.69274,2.51397,8.88268,17.095,0.0,1.67598,60.0,68.63,52.83,9933.654053813902,651.5719320551207,530.5726120480787,78.06451612903226,110.96774193548389,25.14042007827759,2,noah williams,luke gellert,4.2576467139697804,-0.973554827198091,"['Blocked Cross', 'Dribble', 'PC1']"
0.0,0.0,2.33429,65.0,0.129683,0.648415,4.14986,0.259366,5.96542,1.29683,7.00288,75.9259,3.76081,13.487,9.85591,0.389049,30.8646,44.611,71.43,0.129683,0.0,71.22,61.83,8933.42001267808,289.3088987507522,147.2797562180739,42.17488789237668,91.21076233183857,23.78712615394592,5,lev jacobs,jack ferriero,-3.253464980061294,-2.3434945167322407,"['Assist', 'Goal', 'SOT %']"
0.3010033444816053,0.1505016722408026,5.56856,59.46,0.150502,0.0,2.55853,2.25752,11.7391,0.752508,2.70903,66.6667,0.602007,3.16054,2.40803,4.21405,9.63211,20.4682,0.0,1.95652,69.23,69.85,46.27,8921.430286475694,457.66458631821456,305.9756169465564,57.44027303754266,58.97610921501706,24.278922060012817,2,jad lechheb,cole sombronsky,4.040393055466582,-0.2513046504320549,"['Blocked Cross', 'Def Aerial %', 'Assist']"
0.0,0.0,1.09185,59.48,0.311958,0.0,4.21144,0.155979,5.61525,0.467938,4.67938,80.0,3.43154,14.818,9.04679,0.155979,38.6828,47.1057,66.67,0.311958,50.0,64.9,60.39,9258.043101201069,513.3086804875138,269.6796971369551,58.39024390243903,64.3170731707317,24.15819584083557,5,declan walsh,jack ferriero,-2.802430088570041,-1.7027164422678929,"['Assist', 'Goal', 'Total Crosses']"
0.0,0.0,2.27129,56.84,0.283912,0.141956,4.68454,0.425867,8.65931,0.993691,6.1041,67.4419,2.41325,14.1956,12.776,0.283912,33.7855,59.1956,72.73,1.13565,37.5,75.54,65.16,10453.514926091371,339.15865372817024,158.9946796917782,59.35656836461126,86.8632707774799,23.43178830528259,5,brody monk,declan walsh,-2.577501195611223,-2.8899366318473714,"['Assist', 'Goal', 'Blocked Shot']"
0.5381165919282511,0.0,4.1704,68.89,0.134529,0.0,0.538117,0.403587,9.95516,2.55605,5.91928,63.6364,0.134529,7.93722,4.1704,0.269058,10.0897,26.5022,0.0,3.2287,62.5,83.76,69.33,8894.910514860185,311.7548861170152,175.82806807461063,45.87096774193548,67.93548387096774,24.2361717338562,1,jonathan davitoria,tiago manhaes,1.7820312607594126,0.940182936365292,"['Assist', 'Blocked Cross', 'Def Aerial %']"
0.0,0.3890489913544668,8.81844,60.33,0.0,0.129683,3.76081,2.46398,11.8012,1.94524,5.05764,53.8462,0.259366,9.46686,6.22478,3.24207,29.049,50.317,0.0,4.27954,39.39,71.91,59.13,9793.848253870105,382.2538325705244,109.09949807880344,73.93700787401575,103.46456692913384,22.582943532943727,4,tomoya matsumoto,jonah goupil,3.0837829791617595,-3.2993645797637945,"['Assist', 'deceleration_events', 'Blocked Cross']"
0.3765690376569038,0.1882845188284519,1.31799,75.26,0.0,0.0,1.12971,1.31799,8.09623,1.31799,6.58996,80.0,1.88285,10.7322,7.53138,0.376569,22.5941,46.8828,0.0,0.941423,20.0,75.5,59.17,10371.4577217003,414.50058783388096,97.22699090809606,51.971830985915496,106.22535211267603,22.6616043548584,1,brady cabrera,joseph sousa,0.10148842625351177,-1.7854172128689734,"['Blocked Cross', 'Blocked Shot', 'Assist']"
0.1549053356282272,0.1549053356282272,4.02754,50.0,0.0,0.154905,1.39415,0.929432,6.04131,0.619621,5.26678,76.4706,1.39415,7.74527,7.74527,2.63339,15.8003,29.432,50.0,0.774527,60.0,61.05,48.11,9297.64437551693,526.2913448845308,390.6344156401227,73.36708860759494,114.60759493670884,25.105535997390746,4,quinn smyth,santiago gallego,2.2041199796916096,-2.521853308301287,"['Blocked Shot', 'Goal', 'Foul Won']"
0.0,0.0,1.35452,72.12,1.35452,0.150502,3.31104,0.150502,3.01003,0.150502,4.06355,81.4815,4.21405,14.4482,10.3846,0.0,33.5619,52.0736,100.0,0.0,0.0,82.37,75.0,10107.468081460089,279.1118151101281,104.79306683837235,43.643216080402006,65.35175879396985,24.136991746902464,5,julius schneiders,samuel rodriguez,-5.379523295615299,0.03445607972961607,"['Assist', 'Goal', 'Blocked Cross']"
0.627177700348432,0.0,0.940767,66.67,0.0,0.156794,1.72474,0.783972,8.93728,1.25436,2.97909,52.6316,0.470383,3.76307,2.35192,0.470383,10.1916,24.1463,0.0,2.03833,53.85,64.29,47.06,9224.790684984391,474.37172307013606,186.13389539120087,54.22360248447205,51.98757763975155,23.430077939987186,2,james freeman,kairi hislop,2.1324485622610165,0.42280220875146796,"['Assist', 'Blocked Cross', 'Line Break']"
0.0,0.0,0.962567,61.04,0.0,0.240642,2.40642,1.68449,6.01604,0.481283,7.21925,80.0,3.60963,6.73797,11.7914,0.0,31.7647,43.0749,50.0,0.240642,0.0,69.83,63.64,9332.173154466842,123.15330271376038,118.03335549524915,34.893048128342244,57.27272727272727,22.02206406784057,5,axel berntorp,jack ferriero,-2.8961131088613543,-2.203499151384173,"['Assist', 'Goal', 'SOT %']"
0.0,0.0,3.46988,69.61,0.0,0.216867,1.95181,0.216867,3.90361,1.08434,3.68675,76.4706,3.03614,12.1446,9.9759,2.81928,21.253,40.3373,100.0,0.433735,50.0,76.34,67.35,9432.48417644277,245.3637423199272,575.834513692006,52.48192771084337,56.385542168674704,26.219087848663328,0,andrew dixon,henry freeman,-1.4386703321825,0.6467023105887904,"['Blocked Shot', 'Goal', 'Total Tackles']"
0.2102803738317757,0.0,3.57477,59.15,0.420561,0.0,1.47196,0.841121,9.04206,1.0514,4.41589,71.4286,3.15421,6.30841,8.6215,1.68224,19.3458,25.6542,0.0,1.0514,40.0,65.57,60.22,9198.0760035582,257.58798547149524,370.7882066979809,45.0,80.53738317757009,23.250185932159425,1,matt ferriero,tiago manhaes,0.32378325585098683,-1.3521945305963043,"['Assist', 'Blocked Cross', 'Def Aerial %']"
0.5357142857142857,0.2678571428571428,2.14286,46.67,0.267857,0.0,1.33929,2.14286,7.5,0.535714,3.75,78.5714,1.60714,6.96429,5.08929,1.07143,14.7321,21.4286,0.0,2.14286,50.0,51.25,35.71,8073.859245294813,237.4298090612929,278.61423564262924,71.25,76.875,23.799096101760863,2,andrew gaffney,mason leung,2.741956007892305,-2.7801101813691553,"['Def Aerial %', 'Pass into Oppo Box', 'Assist']"
0.0,0.2337662337662337,3.74026,60.34,0.0,0.0,2.80519,1.87013,10.2857,0.233766,3.74026,62.5,0.935065,5.37662,8.18182,0.935065,31.3247,44.4156,0.0,0.935065,0.0,68.42,61.94,10087.185572491106,157.1032287239349,120.952224625911,43.48051948051948,56.8051948051948,22.43451585388184,1,pablo gronvold,charlie cutrell,-0.31545377814932163,-1.7160015687087717,"['Def Aerial %', 'Total Tackles', 'Clearances']"
0.0,0.0,5.70605,66.34,0.259366,0.778098,2.07493,1.03746,3.63112,0.518732,3.11239,100.0,3.37176,14.5245,11.6715,1.03746,39.1643,56.2824,0.0,0.518732,50.0,77.42,69.74,8210.018709462085,222.28009332479616,356.7964381250088,47.72334293948126,56.02305475504323,25.10895607566833,3,reid klevens,lev jacobs,-3.5351741130595875,-1.0393809380797916,"['Assist', 'Goal', 'Blocked Cross']"
0.0,0.0,1.00671,61.29,0.402685,0.0,2.41611,0.402685,5.43624,1.20805,3.02013,53.3333,4.83221,9.66443,9.0604,0.402685,28.9933,43.0872,50.0,0.402685,0.0,70.56,61.74,8735.578046117482,213.36023033450107,193.6392213599284,41.4765100671141,53.95973154362416,22.572683950424192,5,finn mcmullan,jack ferriero,-2.8879866340338096,-0.5771877637054893,"['Assist', 'Goal', 'SOT %']"
1.3333333333333333,0.0,2.66667,61.76,0.0,0.0,0.888889,3.11111,8.44444,0.444444,2.0,66.6667,0.222222,4.44444,3.11111,1.77778,18.8889,36.4444,0.0,2.88889,53.85,73.17,61.63,9321.935390903249,273.2814502065051,366.0582767235933,61.37466307277628,63.07277628032345,23.61954557991028,2,alexander nahed,owen smith,3.1497965203410914,0.4375605891064899,"['Blocked Cross', 'Blocked Shot', 'Def Aerial %']"
0.9160305343511452,0.0,5.03817,53.19,0.687023,0.0,0.916031,2.29008,9.16031,0.687023,6.64122,75.8621,1.14504,5.03817,5.72519,2.9771,12.5954,23.5878,0.0,3.20611,57.14,59.22,41.82,9699.725565107768,371.16529346630927,696.6494527802912,80.94972067039106,114.8882681564246,25.29671367645264,2,nathan ngonga,noah williams,4.543218381043988,-2.9574286914537415,"['Assist', 'Blocked Cross', 'Def Aerial %']"
0.0,0.0,0.627907,59.76,0.418605,0.0,2.72093,1.25581,4.60465,0.627907,4.18605,80.0,0.837209,9.0,8.16279,0.0,29.7209,47.3023,100.0,1.25581,33.33,73.45,65.03,10875.754220295796,80.55472193925681,51.59740331557669,21.348837209302328,45.41860465116279,22.540535997390748,5,kai scaplen,finn mcmullan,-2.7298697885346948,-0.5944219129446523,"['Assist', 'Blocked Cross', 'Goal']"
0.9926470588235294,0.0,7.61029,60.0,0.330882,0.330882,2.64706,0.992647,15.5515,2.31618,4.63235,85.7143,1.65441,8.60294,9.59559,0.661765,35.7353,50.9559,0.0,1.65441,80.0,74.03,65.45,9242.958323865952,143.698537186779,176.1676085503227,38.71323529411765,75.11029411764706,22.760099739074704,1,sebastian schneider,charlie cutrell,0.234141023222135,-2.5092916947542028,"['Assist', 'Def Aerial %', 'Shots']"
0.2222222222222222,0.0,2.44444,60.33,0.222222,0.444444,3.33333,0.0,2.88889,0.444444,2.66667,41.6667,3.77778,15.3333,11.5556,0.222222,39.7778,55.1111,0.0,0.222222,100.0,73.39,65.24,8228.633211843113,148.45183660034772,214.0474045512658,33.77777777777778,40.44444444444444,23.249844120025635,3,james shanley,nico krempus,-4.197471760366595,-0.798559384355161,"['Assist', 'Def Aerial %', 'SOT %']"
0.0,0.0,1.76904,51.16,0.0,0.0,3.09582,1.54791,7.96069,0.22113,5.30713,70.8333,0.663391,8.40295,10.6143,0.44226,39.14,50.1966,25.0,0.44226,50.0,70.93,65.73,9688.654099324089,140.66633072315295,89.83336607164695,36.48648648648649,50.63882063882064,21.09934743118286,1,zach syrett,kai scaplen,-2.1048251295751657,-2.318174324658126,"['Assist', 'Blocked Cross', 'Goal']"
0.0,0.0,7.46341,58.18,0.658537,0.219512,2.85366,1.53659,14.0488,0.658537,6.80488,70.9677,3.07317,10.3171,13.8293,2.19512,32.0488,41.9268,0.0,1.31707,33.33,64.92,56.46,9909.721685800623,309.2261432410423,343.54997989904547,58.170731707317074,98.1219512195122,24.57475198173523,4,jacob travers,nathen barrack-anidi,-0.14043482236585866,-4.517354644453369,"['Assist', 'Goal', 'Pass %']"
0.0,0.0,0.978261,60.28,0.586957,0.0,2.34783,0.0,3.91304,0.586957,2.93478,86.6667,2.34783,16.2391,11.3478,0.195652,41.6739,56.1522,0.0,0.0,0.0,70.73,63.55,9458.925136022002,276.7942436922005,338.10386130426764,64.95652173913044,100.95652173913044,24.54431439399719,5,ethan woo,declan walsh,-3.2346547509040975,-2.063725825185191,"['Assist', 'Blocked Cross', 'Goal']"
0.6944444444444444,0.1388888888888889,3.33333,55.95,0.138889,0.0,0.972222,1.80556,7.63889,0.833333,2.36111,58.8235,0.555556,7.22222,4.44444,1.25,13.0556,24.0278,100.0,3.33333,58.33,69.36,60.42,10232.118604996816,587.7384166520349,309.3509294551245,69.85714285714286,64.71428571428571,24.699924041748044,6,benjamin stangle,kairi hislop,2.9330602160455492,0.2661428397719108,"['Dribble', 'Clearances', 'Blocked Shot']"
0.0,0.0,1.94318,64.06,0.613636,0.0,3.88636,0.306818,2.25,0.409091,4.29545,73.8095,3.27273,12.6818,6.95455,0.511364,29.5568,44.1818,50.0,0.306818,0.0,77.08,69.15,10907.223341721394,587.8124200743284,330.83846842090264,63.84236453201971,70.3448275862069,26.180099739074706,5,drew canal,oliver garry,-2.3763398176661057,0.06927106295008842,"['Goal', 'SOT %', 'Pass into Oppo Box']"
0.4499999999999999,0.3,3.3,55.56,0.0,0.0,0.6,0.75,11.25,0.45,4.65,80.6452,0.6,4.8,4.65,0.75,8.85,14.1,100.0,1.95,46.15,54.26,49.18,10352.654561895144,539.9273507473554,349.0011429758857,46.22171945701357,72.6923076923077,27.324432621002195,2,jackson charles,benjamin stangle,3.139311960773047,-0.841277669460395,"['Blocked Cross', 'Def Aerial %', 'Dribble']"
0.2469135802469136,0.1234567901234568,2.83951,61.74,0.493827,0.123457,1.60494,1.60494,5.18518,2.09877,4.44444,66.6667,1.11111,8.88889,9.50617,1.97531,24.5679,42.5926,50.0,1.7284,35.71,72.17,56.72,11641.156963036903,845.9538346547574,308.0199780439594,67.54189944134079,113.63128491620112,24.427008253097533,4,jasper wylie,jackson banks,1.5350196848907993,-1.9944159928395169,"['Shots', 'Blocked Cross', 'Assist']"
0.5872756933115824,0.1468189233278956,2.20228,64.0,0.440457,0.293638,1.17455,1.32137,8.5155,0.734095,2.49592,82.3529,1.02773,4.25775,3.0832,1.32137,11.8923,21.1419,0.0,2.3491,56.25,72.92,65.43,10139.730538941743,602.4710439521142,510.4524617934529,50.83832335329342,86.58682634730539,26.44822820091248,6,josep calderon,gabriel raley,2.4900668615953454,1.114206600304732,"['Interceptions', 'Assist', 'Blocked Cross']"
0.0,0.0,0.699482,64.85,0.699482,0.233161,2.91451,0.349741,1.86528,1.51554,7.81088,67.1642,3.73057,10.1425,9.09326,0.582902,23.0829,34.2746,57.14,0.466321,25.0,69.39,60.47,9247.517337504887,482.4827902787882,296.53368800992587,54.34782608695652,83.33333333333333,26.09460039138794,5,max segal,alexander robbins,-2.0003872672128002,-1.0901088908255192,"['Assist', 'Goal', 'Total Crosses']"
0.0,0.0,1.64778,64.98,0.784656,0.235397,5.72799,0.235397,1.41238,0.235397,2.19704,53.5714,7.0619,13.1037,10.2005,0.235397,31.2293,46.1378,60.87,0.313862,25.0,73.64,66.81,8772.251546315694,354.63851268266643,278.9169163998697,46.63924794359577,49.38895417156287,25.271064067840573,3,samuel rodriguez,vincent pagliuca,-4.7513627481515766,0.28665997747023614,"['Assist', 'Blocked Cross', 'Loss of Poss']"
0.0,0.140405616224649,0.702028,65.55,0.280811,0.280811,3.51014,0.702028,2.80811,0.982839,5.75663,73.1707,3.93136,10.1092,6.59906,1.26365,23.5881,30.8892,66.67,0.421217,33.33,66.36,62.37,9567.158374798064,535.1454042351185,352.50523971948184,57.5776397515528,72.11180124223603,25.95574801826477,5,sonny sipe,max segal,-1.2249439277952459,-0.43551938590182127,"['Goal', 'Dribble', 'Recoveries']"
0.6666666666666666,0.2222222222222222,2.22222,57.69,0.0,0.222222,2.44444,1.77778,6.88889,2.0,5.77778,69.2308,1.55556,6.88889,4.66667,1.55556,18.0,25.1111,0.0,5.11111,43.48,58.41,51.69,9448.427097410662,588.4585702533167,266.6396686358633,58.07432432432432,73.58108108108108,24.59664002609253,2,vlad sivitski,kairi hislop,3.234397746715447,-1.7559754397643994,"['Blocked Cross', 'Blocked Shot', 'Assist']"
0.0,0.0,1.48855,61.54,0.572519,0.114504,3.43511,0.114504,2.17557,1.03053,4.69466,80.4878,5.72519,12.3664,8.47328,0.572519,26.1069,38.0153,50.0,0.114504,0.0,66.87,57.32,10261.674419854631,565.8246317170706,436.5813535964644,68.22857142857143,93.25714285714284,26.680787979125974,5,alexander robbins,max segal,-2.028354775747304,-1.2671829276352733,"['Assist', 'Goal', 'Total Crosses']"
0.0,0.0,4.12291,51.3,0.100559,0.402235,5.8324,1.50838,6.93855,1.00559,4.52514,75.5556,3.62011,10.6592,8.7486,2.9162,23.0279,37.0056,50.0,1.91061,26.32,60.6,51.9,10041.661762056883,653.5439027144355,518.2071835091499,85.38461538461539,83.48416289592761,29.35351881408691,4,angelo castaldini,quinn smyth,0.9752642542837179,-2.3861112813573198,"['Def Aerial %', 'Dribble', 'Blocked Shot']"
0.2153110047846889,0.1076555023923444,2.58373,58.99,0.107656,0.107656,2.36842,1.07656,5.49043,1.29187,4.95215,80.4348,1.39952,10.6579,8.50478,1.18421,23.4689,41.2321,100.0,1.72249,37.5,75.46,64.73,11769.970883365906,695.3832411791891,291.36571777640125,91.28801431127012,88.06797853309482,24.498144315719603,4,jackson banks,jasper wylie,0.7396850872268487,-1.3507642042112524,"['Shots', 'Blocked Cross', 'Assist']"
0.3367633302151543,0.3367633302151543,6.65108,55.14,0.168382,0.252573,2.44153,2.18896,11.2816,2.52572,7.3246,74.7126,1.34705,11.6183,8.84004,1.17867,21.637,35.4443,66.67,1.68382,50.0,70.55,57.63,11094.46806607357,643.8127349235792,587.9344572356486,66.65158371040724,103.57466063348416,27.383939895629883,4,jonah goupil,jasper wylie,2.8413936441041403,-2.9747931500741798,"['Shots', 'Goal', 'Blocked Cross']"
0.547112462006079,0.182370820668693,3.92097,50.55,0.182371,0.0,0.911854,1.2766,8.38906,1.18541,3.28267,72.2222,0.364742,4.83283,3.46505,2.37082,10.6687,19.8784,83.33,2.64438,48.28,69.72,55.0,9651.070893405218,612.0548256577572,837.2983415558637,74.44444444444444,75.55555555555556,27.640439569473266,6,luke gellert,trey poverman,4.176143510843299,0.5575474676275942,"['Blocked Cross', 'Line Break', 'Interceptions']"
0.6811731315042574,0.2554399243140965,3.8316,60.23,0.0851466,0.0,0.936613,1.53264,7.74834,0.936613,2.46925,86.2069,1.02176,4.08704,3.40587,1.19205,9.02554,20.7758,50.0,2.89499,50.0,78.69,67.29,10264.56594912107,611.473650094752,560.9244808517994,77.07692307692307,74.76923076923077,30.33437417221069,6,trey poverman,nate aaron,3.8092245720443154,2.030200224815335,"['PC1', 'PC2', 'Foul Won']"
0.0,0.1264044943820224,0.884831,61.54,0.758427,0.379213,2.65449,0.379213,1.76966,0.505618,3.16011,72.0,4.67697,9.85955,8.21629,0.0,25.0281,35.6461,62.5,0.126404,0.0,72.7,65.37,8615.819375915336,464.16600312601423,274.90122095862085,58.71844660194175,85.80582524271844,25.07133619308472,5,oliver garry,jack ferriero,-2.7830586699305035,-0.06367597612747218,"['Goal', 'SOT %', 'Shots']"
0.0,0.0,6.39155,57.14,0.0,0.0,5.70058,2.07294,7.60077,1.72745,5.87332,82.3529,2.93666,21.9386,9.50096,1.03647,45.6046,59.0787,50.0,1.90019,18.18,64.91,60.71,9545.098306543494,292.5843858265941,35.17870451645393,73.23725055432372,80.82039911308203,27.75808752250671,4,nathen barrack-anidi,brody monk,-1.5516763283123303,-4.029150210331295,"['Assist', 'Goal', 'Total Passes']"
0.0,0.0,2.10638,57.33,0.0,0.191489,0.957447,0.957447,5.74468,2.10638,2.48936,46.1538,1.14894,9.0,5.3617,0.191489,26.8085,39.0638,0.0,0.574468,0.0,68.63,61.43,10695.139403583013,124.15934039396868,0.0,57.54098360655738,84.09836065573771,22.55045376777649,1,harrison boecher,pablo gronvold,-0.4238911719815389,-1.471685424946822,"['Blocked Shot', 'Def Aerial %', 'Goal']"
0.0,0.2349869451697128,0.939948,60.78,0.0,0.0,2.58486,1.8799,7.2846,0.704961,0.704961,33.3333,0.234987,7.98956,3.99478,0.0,23.9687,38.5379,0.0,0.704961,33.33,70.12,59.8,10996.496740590375,78.42444132100935,0.0,39.04615384615384,96.0923076923077,22.92152410697937,1,ben connelly,pablo gronvold,0.20935319218820778,-0.7072375418148048,"['Blocked Cross', 'Blocked Shot', 'Def Aerial %']"
0.4100227790432801,0.0,3.28018,61.9,0.205011,0.205011,1.64009,1.43508,7.99544,0.615034,2.05011,80.0,0.615034,5.53531,3.07517,3.48519,14.7608,24.6014,25.0,3.48519,35.29,60.83,50.68,9632.881165845578,372.3358161113309,23.714213638766616,77.08133971291866,65.02392344497608,27.364104028701785,2,kairi hislop,benjamin stangle,2.788973400855328,-0.4035334124871259,"['Dribble', 'Clearances', 'Blocked Shot']"
0.0,0.2368421052631578,2.36842,32.65,0.0,0.236842,1.42105,2.13158,10.8947,0.0,4.02632,70.5882,0.473684,7.81579,3.78947,3.31579,13.5,24.1579,0.0,1.89474,25.0,54.9,45.45,10293.397832557395,546.9234371799281,151.74988267441324,74.33701657458563,77.32044198895028,28.034081903457643,4,mason leung,andrew gaffney,3.5956300525486764,-3.1193126882852287,"['Def Aerial %', 'Pass into Oppo Box', 'Assist']"
0.0,0.0,0.288462,66.1,0.288462,0.0,1.73077,0.288462,0.0,0.288462,3.17308,81.8182,2.59615,10.6731,6.34615,0.288462,27.4038,32.0192,100.0,1.44231,20.0,66.67,64.58,8908.602531587841,136.90677871663394,0.0,25.2972972972973,28.702702702702705,23.96462384605408,5,harry lyons,alexander syrett,-3.275076839165064,0.9481953401789983,"['Blocked Cross', 'Goal', 'Line Break']"
0.0,0.0,0.584416,65.52,0.194805,0.194805,0.194805,0.194805,1.36364,0.584416,6.42857,69.697,5.45455,11.6883,10.9091,0.779221,25.5195,33.5065,75.0,0.194805,0.0,69.77,62.69,9285.768003251696,218.84131710401687,10.824451897889109,53.717277486910994,65.0261780104712,26.932499673843385,5,jack newton,jack ferriero,-3.05466640061651,-0.921678006489121,"['Assist', 'Def Aerial %', 'Goal']"
0.0,0.0,0.482574,69.39,0.0,0.482574,1.44772,0.0,0.241287,0.482574,3.13673,100.0,2.89544,7.23861,4.58445,0.0,18.5791,22.9223,66.67,0.0,0.0,73.68,68.83,7915.359123162221,124.68994133915498,0.0,33.503649635036496,28.02919708029197,24.740621864318847,5,matthew schmidt,harry lyons,-3.225221855645081,2.1565888211623525,"['Assist', 'Goal', 'total_sprint_distance_m']"
0.0,0.0,1.7027,56.79,0.243243,0.243243,2.91892,1.21622,9.24324,0.72973,6.32432,57.6923,0.972973,15.3243,4.37838,0.243243,34.5405,44.5135,80.0,0.972973,0.0,68.31,65.73,10286.84794069,60.51156390577258,0.0,68.24175824175823,64.53296703296704,23.54259642791748,5,sebastian slater,axel berntorp,-1.8578027999181852,-2.455704372245155,"['Assist', 'Goal', 'SOT %']"
0.0,0.0,1.28571,70.48,0.183673,0.734694,1.83673,0.0,3.30612,0.734694,4.59184,56.0,5.5102,11.0204,8.26531,0.183673,23.5102,31.2245,66.67,0.367347,50.0,77.06,71.64,9487.679130949848,110.87442287479718,0.0,47.37980769230769,59.0625,24.70163408088684,5,alexander sureau,jack newton,-3.610532477953449,0.2194625768713137,"['Assist', 'Goal', 'Blocked Shot']"
1.5,0.0,6.33333,67.27,0.0,0.0,0.5,2.16667,12.3333,0.666667,4.0,62.5,0.5,4.66667,4.5,1.66667,12.0,23.6667,50.0,8.16667,44.9,71.13,52.78,10129.91763062824,493.2098527387588,58.40535506800515,59.01960784313726,89.80392156862744,27.79878599739075,2,roan walsh,jad lechheb,5.436042229862835,-0.34817254348730653,"['Blocked Cross', 'Foul Won', 'Pass into Oppo Box']"
0.4972375690607735,0.0,3.48066,76.56,0.248619,0.0,0.0,1.49171,6.96133,1.24309,1.49171,33.3333,1.24309,10.6906,5.22099,2.23757,17.4033,29.5856,0.0,2.23757,55.56,72.27,67.14,10326.80244971328,165.7697724379824,1.4242098956547289,47.93201133144476,84.64589235127478,24.70334412002564,1,tomas werning,tiago manhaes,1.167767759815613,0.4583663562187331,"['Assist', 'Blocked Cross', 'Def Aerial %']"
0.0,0.1105651105651105,0.552826,57.74,0.331695,0.0,1.76904,0.110565,2.43243,0.552826,2.43243,72.7273,2.65356,8.73464,9.84029,0.331695,23.5504,40.3563,71.43,1.32678,8.33,74.79,62.27,6836.542024556917,392.6377393808685,109.92823618109404,29.117647058823533,42.13235294117647,25.41128401565552,5,alexander syrett,harry lyons,-2.626702614842079,1.0657625625202811,"['Blocked Cross', 'Goal', 'Line Break']"
0.2097902097902098,0.0,4.72028,68.71,0.104895,0.0,2.62238,1.15385,7.76224,1.36364,6.3986,90.1639,1.46853,7.76224,7.65734,1.36364,16.7832,32.0979,87.5,2.83217,40.74,78.43,67.88,7475.215156249181,326.62877976977927,248.8152083266708,50.349650349650354,51.81818181818182,28.82683752250671,0,arthur do carmo,aiden mejia,0.3217822789998362,0.9875046599917331,"['Assist', 'Pass into Oppo Box', 'Goal']"
0.0,0.0,2.17812,64.83,1.394,0.0,10.2807,0.696999,2.4395,0.435624,3.22362,81.0811,4.70474,11.152,9.40949,0.609874,34.7628,73.5334,54.17,0.522749,33.33,78.2,65.71,7050.017871234713,221.485056939154,134.68903421967852,35.581395348837205,35.010570824524315,25.63392602348328,3,christian martinez-moule,samuel rodriguez,-5.764668455037402,0.38245275516389704,"['Assist', 'Goal', 'PC2']"
0.3683492496589359,0.1227830832196453,4.78854,65.56,0.0,0.0,0.859482,1.4734,11.91,0.859482,3.56071,75.8621,0.982265,5.40246,5.64802,3.92906,12.8922,21.8554,0.0,2.2101,38.89,67.42,52.38,7018.192718605458,496.68590013180665,550.7400010576524,59.71698113207547,92.83018867924528,28.013219947814942,2,cole sombronsky,jad lechheb,3.759270947381402,-0.029416749056969498,"['Blocked Cross', 'Def Aerial %', 'Assist']"
0.5619982158786797,0.4817127564674398,4.01427,57.26,0.0,0.0,2.40856,2.24799,8.42997,1.124,3.61285,62.2222,0.240856,6.18198,3.77342,1.20428,17.7431,34.1213,100.0,3.05085,50.0,73.65,61.14,7166.216704517318,458.283560053183,379.57162369232,42.525,66.375,26.7772315120697,6,gabriel juliano,benjamin stangle,2.596879988480083,0.8577685121200761,"['Blocked Cross', 'Def Aerial %', 'Total Crosses']"
0.4186046511627907,0.0,0.837209,76.09,0.0,0.0,2.09302,0.627907,4.39535,1.46512,2.72093,76.9231,1.04651,5.23256,4.39535,1.67442,15.2791,24.6977,0.0,1.46512,28.57,74.58,62.34,6381.735001800561,341.2891954107353,474.8338450154274,40.96551724137931,44.689655172413794,26.9742239112854,0,isaac rodriguez,thomas casey,0.48563287497892915,2.9626702673670113,"['Assist', 'Blocked Cross', 'Blocked Shot']"
0.0,0.0,2.74344,61.64,0.22862,0.22862,4.6486,0.22862,2.81964,1.06689,3.04826,72.5,4.03895,8.45893,8.23031,1.1431,23.7765,40.8467,60.0,0.304826,50.0,74.07,62.43,6238.985473797819,365.4672541074725,209.6701638235191,24.40347071583514,52.71149674620391,25.81518527984619,3,jack greener,alexander syrett,-2.7245234440116204,1.0368337937239056,"['Goal', 'PC2', 'PC1']"
0.2015677491601343,0.0,4.83763,58.33,0.201568,0.0,1.61254,1.41097,9.17133,2.01568,3.93057,76.9231,0.604703,7.65957,5.6439,0.705487,22.5756,36.2822,0.0,1.61254,37.5,74.72,64.44,7738.410651442113,304.0346195570211,138.51255866549172,42.67415730337079,68.56179775280899,24.530976219177248,1,tiago manhaes,matt ferriero,0.633297989646315,-0.3335245581457344,"['Assist', 'Blocked Cross', 'Def Aerial %']"
0.1598579040852575,0.3197158081705151,4.15631,72.73,0.0,0.0,1.11901,0.959147,5.91474,1.11901,1.91829,75.0,1.27886,3.99645,4.79574,1.75844,12.3091,21.9005,50.0,1.91829,33.33,79.56,69.23,7846.162965029604,645.6677022444226,442.2982215029869,57.78210116731518,69.33852140077822,28.704744380950928,6,connor downey,gabriel raley,2.1260737137274046,2.9892133947160016,"['Blocked Shot', 'PC1', 'Goal']"
0.1246537396121883,0.0,1.49584,66.89,0.872576,0.249307,7.60388,0.373961,1.49584,0.498615,3.86427,77.4194,5.36011,10.9695,7.47922,0.747922,28.2964,53.9751,75.0,0.623269,40.0,76.67,64.91,6470.748455303346,309.52737792334153,249.28910428005292,53.625,48.1875,28.66644022178649,3,vincent pagliuca,samuel rodriguez,-4.177337536051963,1.2322594272865202,"['Assist', 'Blocked Cross', 'Loss of Poss']"
0.0956429330499468,0.0956429330499468,2.58236,60.16,0.0,0.0956429,2.10414,0.573858,4.6865,0.956429,3.53879,62.1622,2.10414,7.17322,5.06908,0.956429,16.2593,28.9798,75.0,1.53029,37.5,69.97,60.22,6490.52327585296,519.6172700517023,249.8246389495522,44.50549450549451,72.3956043956044,26.81758784866333,0,damian pagliuca,vasilian mbrice,0.18536484477897733,1.113397555899754,"['Total Tackles', 'Assist', 'Foul Won']"
0.2564102564102564,0.2564102564102564,1.79487,60.71,0.0,0.25641,4.87179,0.512821,4.10256,0.0,2.82051,90.9091,1.28205,13.3333,8.20513,3.07692,25.641,39.2308,100.0,1.02564,0.0,67.32,53.85,10515.449006902623,470.8413373322681,28.4028434431796,79.69162995594714,75.33039647577093,26.958150260925294,4,oscar robertson,sonny sipe,-0.40220754642236073,-1.324032447831792,"['Blocked Cross', 'Assist', 'Pass into Oppo Box']"
0.2564102564102564,0.2564102564102564,1.79487,60.71,0.0,0.25641,4.87179,0.512821,4.10256,0.0,2.82051,90.9091,1.28205,13.3333,8.20513,3.07692,25.641,39.2308,100.0,1.02564,0.0,67.32,53.85,10515.449006902623,470.8413373322681,28.4028434431796,79.69162995594714,75.33039647577093,26.958150260925294,4,oscar robertson,william spaulding,0.7609638882443471,1.6835545862636077,"['Assist', 'Blocked Cross', 'Blocked Shot']"
0.3658536585365853,0.1829268292682926,1.46341,60.98,0.0,0.182927,4.20732,1.09756,3.10976,0.548781,3.10976,70.5882,1.09756,11.1585,3.84146,2.19512,26.1585,45.9146,66.67,2.19512,50.0,85.26,76.55,11268.31654860365,753.2394151852419,679.1698896379834,73.4862385321101,71.42201834862385,27.881207405090333,0,oscar robertson,sonny sipe,-0.40220754642236073,-1.324032447831792,"['Blocked Cross', 'Assist', 'Pass into Oppo Box']"
0.3658536585365853,0.1829268292682926,1.46341,60.98,0.0,0.182927,4.20732,1.09756,3.10976,0.548781,3.10976,70.5882,1.09756,11.1585,3.84146,2.19512,26.1585,45.9146,66.67,2.19512,50.0,85.26,76.55,11268.31654860365,753.2394151852419,679.1698896379834,73.4862385321101,71.42201834862385,27.881207405090333,0,oscar robertson,william spaulding,0.7609638882443471,1.6835545862636077,"['Assist', 'Blocked Cross', 'Blocked Shot']"
0.0,0.2205882352941176,1.10294,65.56,0.0,0.0,4.85294,1.98529,3.97059,0.441176,3.30882,66.6667,0.661765,10.1471,9.70588,0.220588,25.3676,45.2206,50.0,1.76471,25.0,74.63,59.66,11074.47592960208,216.47608643425176,3.838999045825963,53.300970873786405,94.36893203883496,26.186256271362303,1,joseph sousa,pablo gronvold,-0.7356987141993296,-1.1013481640060676,"['Blocked Cross', 'Blocked Shot', 'Goal']"
0.8977556109725685,0.2244389027431421,0.673317,67.27,0.0,0.0,2.01995,1.79551,8.30424,1.79551,2.01995,77.7778,0.224439,7.18204,5.16209,0.224439,12.3441,28.2793,0.0,5.16209,60.87,79.37,72.73,9639.951229433578,244.47889606531376,25.386773038298053,69.46308724832215,80.93959731543625,26.55903632354736,6,owen smith,alexander nahed,2.704973000090603,1.1961623735889442,"['Blocked Cross', 'Blocked Shot', 'Def Aerial %']"
0.183673469387755,0.0,0.367347,53.26,0.367347,0.183673,9.18367,0.734694,0.734694,0.0,2.7551,93.3333,3.30612,10.6531,6.2449,0.0,28.4694,55.4694,50.0,0.183673,100.0,73.51,63.94,8788.499303116665,200.73165551584177,42.58673304121674,56.88,48.96,28.82923183822632,3,liam bazant,vincent pagliuca,-3.4121695731850035,0.49417950809413086,"['Assist', 'Goal', 'Blocked Cross']"
0.8333333333333334,0.0,4.79167,65.63,0.0,0.0,2.70833,2.91667,5.41667,0.208333,4.58333,81.8182,0.625,7.70833,5.625,0.625,17.5,33.3333,100.0,2.08333,40.0,80.0,70.59,9909.523988507342,296.8944607506322,27.806549533059467,84.18103448275862,82.62931034482759,28.181483493804933,6,brandon park,valentin estevez rubino,1.55632797134524,0.43077421084111767,"['Blocked Cross', 'Blocked Shot', 'Total Tackles']"
0.2261306532663316,0.9045226130653266,4.52261,48.28,0.0,0.0,1.35678,1.80905,10.6281,1.13065,2.48744,81.8182,0.678392,5.65327,7.46231,4.07035,14.4724,30.7538,0.0,4.29648,21.05,75.0,54.41,11638.846902364889,584.7632432483681,37.556403439841255,74.26229508196721,103.27868852459017,26.84700032615661,4,samuel safi,noah williams,5.070086754154487,-2.0495481598455925,"['Blocked Cross', 'Blocked Shot', 'Def Aerial %']"
0.0,0.0,0.272727,71.43,0.0,0.0,5.18182,0.0,0.0,0.545455,0.0,0.0,0.818182,1.63636,0.272727,0.0,22.3636,34.6364,0.0,0.0,0.0,86.61,83.0,6450.382611469777,32.28686402908098,4.193414756648788,23.823529411764707,16.941176470588236,24.787476219177247,3,sawyer jacobson,matthew schmidt,-2.890445353055919,5.515100368455628,"['Assist', 'Blocked Shot', 'Goal']"
0.0,0.0,0.557276,78.05,0.487616,0.139319,6.75697,0.417957,0.626935,0.417957,2.2291,90.625,4.24923,9.89164,7.24458,0.0696594,29.6749,58.7229,88.89,0.139319,50.0,86.6,76.63,8574.563641774314,342.68279732485234,327.5299233040834,34.12386706948641,42.14501510574018,26.80185601043701,3,adlani rodriguez,sam cunniffe,-4.716865186333349,2.9703199354307492,"['Assist', 'Blocked Cross', 'Goal']"
0.1507537688442211,0.0,4.22111,70.62,0.376884,0.376884,3.24121,1.20603,5.35176,1.73367,3.39196,82.2222,1.20603,7.8392,5.50251,1.13065,24.3467,44.8492,100.0,0.829146,54.55,80.34,68.26,8251.38185420642,515.9619922362265,521.669637007627,52.71067415730337,72.80898876404494,28.26253732681274,0,aiden mejia,jonah greenblatt,-0.43497441475686893,1.6062662921447237,"['Assist', 'Goal', 'Blocked Shot']"
0.2110199296600234,0.5275498241500586,3.37632,65.71,0.0,0.0,2.42673,1.26612,6.3306,1.68816,2.63775,80.0,0.31653,4.74795,2.63775,1.26612,17.7257,34.3962,0.0,1.79367,47.06,80.67,69.59,11195.435575703028,623.7859422760503,361.1244897449612,41.268292682926834,78.73170731707317,27.357264198303223,6,christian kence,valentin estevez rubino,2.456004544673369,1.5856423466862477,"['Blocked Cross', 'Blocked Shot', 'Assist']"
0.0,0.0681818181818181,2.72727,71.24,0.75,0.272727,10.9773,1.15909,1.09091,0.272727,2.11364,83.871,5.04545,13.5,7.36364,0.340909,43.5682,72.8864,35.71,0.272727,0.0,82.88,75.49,8839.75717832408,465.6202316108409,573.1908222732482,56.83098591549296,64.85915492957746,28.81897192955017,3,dean lundquist,sam cunniffe,-4.86703551216948,1.1162763543051153,"['Foul Won', 'Total Crosses', 'Assist']"
0.2842105263157894,0.0947368421052631,3.88421,59.77,0.0,0.189474,2.17895,0.378947,5.4,1.51579,2.84211,76.6667,1.51579,5.11579,3.12632,3.12632,13.2632,28.9895,25.0,1.42105,40.0,79.41,64.52,8729.510349187705,561.4379345518702,614.12112172217,66.13778705636743,80.22964509394572,28.26424801826477,6,gabriel raley,connor downey,2.2256427224303237,1.7830752906904717,"['Blocked Shot', 'PC1', 'Goal']"
0.1424050632911392,0.1424050632911392,4.98418,47.83,0.0,0.0,1.85127,0.996835,3.98734,1.99367,2.7057,57.8947,0.28481,1.70886,1.56646,1.85127,10.538,24.3513,0.0,2.99051,42.86,76.02,62.82,8907.76704310296,444.47126063100205,677.6921372129199,63.42857142857143,69.14285714285715,31.201344120025635,6,julian martinez,killian walsh,3.6876603625643263,2.104740379631704,"['Blocked Cross', 'Blocked Shot', 'Assist']"
0.204778156996587,0.0,1.22867,60.42,0.0,0.0,0.511945,0.614334,4.7099,0.819113,3.17406,77.4194,0.307167,2.66212,2.25256,2.45734,7.16724,15.3584,66.67,1.53584,46.67,83.33,72.86,10220.42024089142,617.2827557392575,797.32640915052,68.8330341113106,78.20466786355476,29.3210274181366,6,max noci,finn van clief,2.8140036296652684,3.310204643366714,"['Assist', 'Blocked Cross', 'Blocked Shot']"
0.5060918462980318,0.3373945641986879,5.56701,69.57,0.0,0.168697,1.18088,1.34958,7.50703,1.01218,2.10872,88.0,0.337395,3.88004,1.94002,2.36176,10.1218,21.4246,100.0,2.10872,60.0,74.41,55.74,9198.121142494629,508.5253356173304,593.6694789949405,66.90159574468085,79.82712765957447,29.529647300720217,6,nate aaron,trey poverman,3.8065439917781467,2.0263280114930864,"['PC1', 'PC2', 'Foul Won']"
0.189873417721519,0.0,4.17722,70.18,0.0,0.0,1.13924,1.89873,6.26582,1.32911,3.22785,70.5882,0.56962,6.07595,4.74684,0.0,19.557,34.557,25.0,0.949367,60.0,84.62,75.47,8000.771328274959,546.143079191055,378.5975639762604,45.0,53.63372093023256,26.586738109588623,0,thomas casey,vasilian mbrice,0.5594196053946067,2.5016167129290765,"['Blocked Cross', 'Goal', 'PC1']"
0.4268774703557312,0.3557312252964427,4.19763,67.98,0.0,0.0,3.13043,2.13439,6.11858,1.06719,4.62451,69.2308,0.782609,8.18182,4.48221,2.63241,23.2648,42.4032,66.67,2.34783,66.67,77.35,67.25,9199.564056535384,515.4558184770732,468.3075378961853,57.153284671532845,70.02919708029196,29.200643989562984,6,valentin estevez rubino,christian kence,2.1175454612248563,1.003349435064022,"['Blocked Cross', 'Blocked Shot', 'Assist']"
0.0,0.0,1.18519,66.83,0.222222,0.222222,1.77778,0.444444,2.96296,0.814815,3.7037,74.0,1.62963,8.51852,6.66667,0.0740741,21.7778,39.037,58.82,0.37037,20.0,81.02,71.72,10925.488309194923,649.1337105963668,458.3383004461909,51.13636363636364,79.36363636363636,26.28338408088684,0,ben stuart,henry freeman,-1.141345247715583,1.240666994996725,"['Goal', 'SOT %', 'Total Tackles']"
0.2272727272727273,0.2272727272727273,4.84848,70.18,0.30303,0.227273,5.22727,1.59091,5.83333,0.757576,3.10606,80.4878,0.984848,8.63636,4.31818,2.27273,25.3788,45.1515,60.0,0.681818,66.67,76.01,62.94,10414.82598728153,659.0562556486321,702.5306800205118,87.94285714285714,72.77142857142857,30.482460365295413,0,william spaulding,oscar robertson,1.411988472394271,0.9803169941194588,"['Assist', 'Blocked Cross', 'Blocked Shot']"
0.2406417112299465,0.2406417112299465,0.962567,79.49,0.0,0.240642,1.44385,0.240642,3.12834,0.962567,2.40642,90.0,0.721925,6.97861,2.40642,0.962567,12.2727,22.861,100.0,1.20321,20.0,85.26,77.78,9501.710279201156,503.9032439063303,427.3754329524029,48.72413793103448,63.62068965517241,27.51731968688965,0,donovan eaton,jonah greenblatt,0.12200967761109634,4.026698147552174,"['Shots', 'PC1', 'Blocked Shot']"
0.1902748414376321,0.0,6.46934,65.45,0.38055,0.190275,2.09302,0.190275,3.61522,1.33192,3.61522,89.4737,3.0444,5.51797,4.94715,2.85412,15.9831,26.6385,75.0,1.33192,42.86,76.43,62.5,9800.038040121408,484.28613628664414,699.0270450120199,60.482315112540185,63.66559485530547,29.23928963470459,0,brendan furlonge,gabriel raley,0.984947306150255,1.6658917114317904,"['Blocked Cross', 'Line Break', 'Shots']"
0.5831533477321814,0.0,1.84665,74.07,0.0,0.0,0.388769,1.16631,6.70626,0.777538,3.20734,57.5758,0.194384,3.40173,1.84665,0.388769,4.47084,14.8704,100.0,3.49892,44.44,83.01,71.74,9562.976259583382,553.1058854062793,692.4885291050962,75.81932773109244,80.35714285714286,29.44004359817505,6,finn van clief,max noci,3.224225578207325,3.784962090882836,"['Assist', 'Blocked Cross', 'Blocked Shot']"
0.0,0.2428057553956834,3.39928,65.85,0.647482,0.242806,5.66547,0.647482,3.96583,1.29496,4.93705,73.7705,2.18525,11.8975,8.01259,0.242806,27.3561,46.214,46.15,0.242806,33.33,85.64,77.59,8406.303058756292,342.99443668847726,242.18775112083097,61.43153526970954,54.149377593361,26.87846432876587,3,jake ciavarro,drew canal,-2.6046427058812145,0.8641811188808912,"['Goal', 'Blocked Shot', 'Tackle %']"
0.0753768844221105,0.0753768844221105,3.54271,75.82,0.150754,0.0753769,1.80905,0.603015,4.07035,0.753769,3.01508,70.0,2.71357,7.53769,6.1809,1.88442,16.6583,37.4623,60.0,1.20603,31.25,87.93,75.44,9554.778984023493,559.2465609637876,636.8302863366588,64.25,79.5,29.516651916503903,0,jonah greenblatt,vasilian mbrice,0.18313667242209017,2.8521940831398256,"['SOT %', 'Assist', 'Shots']"
0.4770318021201413,0.2385159010600706,5.80389,66.41,0.0795053,0.159011,2.06714,1.66961,7.87102,2.06714,3.89576,51.0204,0.954064,6.43993,3.73675,4.4523,10.0972,24.4081,0.0,2.14664,48.15,78.18,59.38,10137.202366561616,662.8235937789879,671.6055908478205,72.04326923076924,93.89423076923076,29.32171136856079,6,kaio morais,luke gellert,4.644622334510459,0.7306898409195269,"['Assist', 'Goal', 'Blocked Shot']"
0.547945205479452,0.136986301369863,1.50685,60.53,0.0,0.0,0.684932,0.273973,7.12329,0.410959,2.73973,45.0,0.684932,3.15068,2.05479,2.19178,6.57534,17.3973,33.33,3.42466,40.0,75.59,57.14,9269.617552725089,670.3189366423683,649.464293164436,50.84592145015105,63.08157099697885,28.21978765296936,6,killian walsh,julian martinez,3.4220358479036084,2.540282763683032,"['Blocked Cross', 'Blocked Shot', 'Assist']"
0.0,0.0,1.71103,66.27,0.941065,0.0,3.93536,0.427757,0.598859,0.256654,2.22433,65.3846,4.44867,8.72624,5.73194,0.0855513,23.0133,41.4924,70.59,0.598859,28.57,83.09,72.54,8270.419117474314,315.39998281043324,305.99867421317686,51.8978102189781,47.56204379562044,30.351815723419183,3,marcus cooper,vincent pagliuca,-3.1025774651717577,2.9243253836569227,"['Assist', 'Shots', 'Pass into Oppo Box']"
0.0714285714285714,0.0,3.35714,72.25,0.857143,0.0714286,10.5714,0.714286,0.428571,0.285714,1.64286,86.9565,3.21429,8.42857,5.21429,0.285714,35.8571,64.0714,65.22,0.357143,60.0,81.16,73.13,8624.529775317827,334.73648399389526,253.32470118949,48.99999999999999,50.75,26.06108388519287,3,sam cunniffe,adlani rodriguez,-4.2422964344049525,2.0323073079217515,"['Assist', 'Blocked Cross', 'Goal']"
0.1538461538461538,0.0769230769230769,2.30769,65.97,0.230769,0.0,2.38462,1.76923,3.76923,0.923077,3.53846,73.913,1.23077,5.46154,5.61538,0.923077,16.6154,30.0,40.0,1.23077,31.25,82.05,71.49,9332.301880222003,558.9926734919309,461.028956032371,50.0,54.49999999999999,28.161647953033444,0,vasilian mbrice,thomas casey,0.49004705906164175,2.2551494050688903,"['Blocked Cross', 'Goal', 'PC1']"
0.7846556233653008,0.4707933740191805,13.4961,71.82,0.0784656,0.0,3.53095,1.72624,10.1221,3.13862,6.19878,67.0886,0.549259,7.68963,6.51264,2.98169,18.8317,36.6434,0.0,6.04185,48.05,85.65,75.4,9708.182638981876,557.8204920305211,946.1503963776076,84.57142857142857,110.28571428571428,31.376448474884032,7,logan moniz,kaio morais,5.921552037768023,0.37384910680528183,"['Def Aerial %', 'Blocked Shot', 'Pass into Oppo Box']"
0.166358595194085,0.0,3.16081,75.25,0.0,0.0,3.65989,0.998152,4.15897,1.16451,4.99076,73.3333,1.16451,11.9778,4.8244,0.166359,25.2865,47.5786,75.0,0.831793,40.0,80.77,66.88,10346.11339153816,414.4085169747418,306.2594082040117,48.154981549815496,44.169741697416974,26.194122190475465,0,asher herrmann,ben stuart,-1.2884814255726291,1.1761463984107468,"['Assist', 'PC2', 'max_speed_kph']"
0.0,0.0978260869565217,0.978261,66.05,0.0,0.0978261,3.71739,0.782609,2.73913,0.684783,3.71739,84.2105,1.56522,9.29348,6.55435,1.27174,24.8478,41.4783,76.47,0.48913,20.0,76.42,65.23,8267.790490132067,513.4695285980574,415.77909933540894,59.54545454545455,73.86363636363636,27.90720078277588,0,henry freeman,ben stuart,-0.9672349867718798,1.1546752773005682,"['Goal', 'SOT %', 'Total Tackles']"
