,Assist,Blocked Cross,Blocked Shot,Dribble,Efforts on Goal,Goal,Loss of Poss,Pass Completion ,Pass into Oppo Box,Progr Pass Completion ,Progr Regain ,Tackle %,Total Att Aerials,Total Clears,Total Crosses,Total Def Aerials,Total Forward,Total Interceptions,Total Long,Total Pass,Total Recoveries,Total Tackles,Player Full Name,Cluster,PC1,PC2,Color
0,-0.5875630922366383,-1.0705550220891804,-0.41649302957999224,-0.9028042406211033,-0.28469998305805966,0.3511828910487536,-0.6987477200635389,-0.8173888697109819,1.1961957256588633,-1.1385200322645699,-0.6299547930386887,1.3118021068172956,-1.1490569972932996,-0.13056620898778318,0.29576666782286076,-0.5048315315891077,-0.6213657327075419,-0.5809083899576835,-0.053917231388038514,-0.37757063809779084,0.4241844224996065,1.02718555457323,Ben Peters,4,0.6244034426510139,1.9727150723352793,
1,1.3780560788100298,0.6024206478864539,-0.14802941218246266,-0.19331374512507046,-0.8012956936385454,-0.8952112688744946,0.5908724712526444,-0.030065165210019885,1.264609271877879,-1.6786575154559178,-1.8683706319181135,-0.8923563484903275,-0.0835424728416156,-1.1244991237428055,-0.8474116770288866,-0.018403855389294406,0.03986862999181337,-0.8632651358870299,-1.3087124930007217,-1.3712598442190862,-0.972015613757021,-1.091345971535255,Benjamin Stangle,3,-3.8223958694435503,0.21745453398703732,
2,-0.5159233898592196,-1.0705550220891804,-0.27313433174299373,-2.524905494436627,-0.8012956936385454,-0.3468304559543875,-0.6696196983276564,-0.2067048498712769,0.6181360006460099,-3.2723965090698974,-3.2741767435251963,1.6406156920252837,0.16657887291857293,0.18741429170911328,0.11484595911021436,-0.7201327339971765,-0.8326163551212259,-0.20106327363486434,-0.58007181608004,-0.9797615176498462,-0.39191159886483884,-0.053783165555964615,Bruno Goncalves,4,-0.6831260618279691,3.4633758506542316,
3,-0.2873891141042013,0.13080453674483022,-0.6650278359298086,-0.2190613840745242,0.8108185307947577,-0.5710813104257769,-0.16322020138058713,-0.4415140994008782,0.309352354228177,-0.4716836332629048,-0.7905405831351415,1.2791758576839687,0.45334038545805255,0.5814448987398576,0.4347547356819605,1.4634760386855878,-0.5196930100565221,0.16554170896449333,0.9308507555883065,1.2690522169223397,2.8906392599424464,1.4740255590769222,Darragh Nugent,7,2.1159337728546763,1.7994295749513018,
4,-0.8114921005881405,-0.04548999886233849,-0.44673974965294466,0.3159173363196603,-0.8012956936385454,-0.8952112688744946,-0.2835576061537433,-0.9817885117327956,-0.4905429867311243,0.5068987822720394,0.7173327679400266,-0.5444928375972219,-1.5197231033356007,-0.7275162669215717,-0.274942491226081,-0.5051512067226016,-0.6224857789427588,-0.629867465001053,0.3296020300742284,0.40010080352831345,1.268877311525479,0.41260222741421226,Drew Canal,8,0.6189563249051118,-0.46752625926853647,
5,-0.6380985967120494,0.12181335985085139,-0.11033869290288223,0.31877818509182315,-0.4012834709956246,-0.2518030381714556,-0.009840836506589245,-0.1981422402138235,0.7280976143485091,0.47355696232195565,0.503672013320169,2.5809711702049905,-0.3262622005321211,0.1838644972055876,0.13718929111287417,-0.7201327339971765,0.7483262168318658,-0.06806723716417253,1.4039240834388964,1.6444623713190358,2.633410523782322,1.6178012001462334,Hans Marten,7,1.9337431741526643,2.8486482871627983,
6,1.364696600515693,0.9247666343942831,3.435364455950059,-1.9398619205296175,-0.8012956936385454,-0.08769674811497256,0.6023179483115316,1.1411330830852773,4.310688646363998,-2.4338497373253034,-1.423357467837265,3.024098869993415,0.32566396501802375,-1.1244991237428055,-0.6905201445840026,-0.30166435648438383,1.9565291949981893,-0.8743719902129443,-1.3299106917971453,-1.637230688164142,-0.4748236739383563,-0.4552018290832274,Jackson Charles,3,-5.113124883276306,5.377832069999721,
7,0.0795863498046717,-0.6620453811759985,0.03897325697040394,-0.4193207981258243,-0.18459045926213696,-0.8952112688744946,0.06524237193385417,0.2989551400041482,1.8559501187972578,-0.25496180358736414,-0.9919532690188277,1.2290878654655941,-0.8990443271533546,-0.8080873437793723,-0.7848058901826677,0.8220099021860627,0.09788515197210704,-0.7757337247910291,0.3003926628199963,0.9269824247168716,1.115972395093113,-0.05627203822800718,Jasper Wylie,4,-1.0389540469116971,1.876587174077951,
8,0.6082328917548855,0.32415466102855384,-0.0846917729980523,-0.4507901346195997,-0.8012956936385454,-0.8952112688744946,1.3745182455004026,-0.2364615166343104,0.8404617526790887,-0.5900470940856993,-1.217862092374855,0.15019171197426562,0.15679375506796867,-1.1244991237428055,-1.1202526246805393,0.059881049811180954,-0.8167073500776476,-0.793002973580946,-1.4460443369536846,-1.3948710328064966,-1.1002937535499573,-1.1068353983821735,Josep Calderon,3,-3.294765569385291,-0.1531279464280675,
9,-0.05569657679197882,-1.0705550220891804,-0.6098332852219578,-0.29630430092288135,-0.14744886421813747,-0.19408197356007878,-0.252830080304798,-0.19980819118994617,-0.05370787826691334,-1.8537020701938567,-1.2791024360557053,2.2985883929222792,-0.14002148640036763,0.8044415737444357,1.1624107520590703,-0.3567950712131707,0.3023637822038729,-0.518803939325664,0.6883998275484705,0.020036608144166867,0.8856047247021344,2.1173438279517747,Max Segal,7,1.4785805269945889,2.900959074224303,
10,-0.4949555622457649,-1.0705550220891804,-0.78999736581893,-0.9199693332540725,1.0242987118547644,0.8666385946008275,-1.072259395195138,-1.6001626099176258,-1.318223309657428,-0.10659070480949358,0.3063420170152053,-0.09275957848949158,0.32566396501802375,-0.07076309877262293,2.6942148730674216,-0.11145145761493234,-1.2303097710152615,-0.009627998180755824,1.5689309883302918,0.9514784856968882,1.290647392907207,1.3111508052768703,Samuel Rodriguez,1,4.297934901744254,0.16825720053493748,
11,-0.18921004225596993,-1.0705550220891804,-0.4177177681331164,-1.494999936458517,-0.8012956936385454,-0.8952112688744946,-0.42359069894667545,-0.24066357365087504,0.7122525066463384,-1.5086142337104937,-1.2654934707932948,1.0330060066768414,-0.4326854657502654,-1.1244991237428055,-0.8389923100118146,-0.4209797203206759,-0.7087168742273703,-0.901224976464169,-0.2069957905764595,-0.46627298883146495,-0.23646124367117835,-0.01729503267279494,Santiago Gallego,4,-1.1332208275857445,1.7558697619108898,
12,-0.8114921005881405,-1.0705550220891804,-0.7123971798552149,-2.3432415974043774,0.3700145402298861,-0.14160365138887177,-0.8888851539234245,-0.5306905123187932,0.21900483746912472,-2.157112631739613,-1.2927114013181167,1.5328313787001988,-1.0501200213407678,-0.0427676844881822,0.7326170540820303,-0.5248663029527716,1.1743164499629082,0.0422163436233809,0.5719446484906321,-0.18450015013371449,0.8400122084894865,0.9925689398859193,Sonny Sipe,4,1.1813882916681913,3.3322916027822247,
13,-0.8114921005881405,-0.7349296972747525,0.35983306895482314,0.42033831650355263,0.8876231948659604,1.0063931737891554,-1.1513779345486883,-1.1816771655368843,-1.040270215161032,0.8486524367603923,1.0956620022350598,1.0174614742932693,1.602325716826086,-0.019672867258916992,1.2850583362321015,-0.7201327339971765,-1.2411958641465572,0.3938306801581887,1.6312976795251681,1.3829346946482253,1.0863474213025237,0.9852935367192082,Thierry Maurer,1,4.044947263576178,0.1290296700623156,
14,1.5249181099622657,1.8506634256256793,0.8249482120801391,-2.158716851599966,-0.31129482570430467,-0.8952112688744946,2.1391791557242383,0.06577839819888841,2.1051484790455515,-3.789194718296188,-2.61414192829825,1.0576053936082488,-0.22256773698623614,-1.0302226942403017,-0.7347710472233644,0.09673642605600466,0.575691544051605,-0.6008646562809381,-0.9683263160240185,-1.5497892261366049,-0.6436712370714613,-0.655411162175096,Vlad Sivitski,3,-4.731770388117104,3.584863104483436,
15,-0.5482189220629916,-1.0705550220891804,-0.9678390758319955,-0.3177606667140928,1.32446856121953,-0.8952112688744946,0.24984985149567274,-0.947578857899121,-0.6109663432897211,1.2054099102262832,0.661536010364139,0.08269699807345933,-0.599922025378779,0.6283502254864406,-0.10879726231416383,-0.7201327339971765,-1.2144641253813835,-0.4558306292560092,0.02362439085092467,0.5935399961400389,1.2269129461680766,0.7712176856034778,Alexander Syrett,8,2.1783399186116297,-0.6043338409212519,
16,-0.45506072043101575,-0.6620453811759985,-0.39827095613235225,0.1929008391167194,0.22654636365546885,-0.5645603526818386,-0.6392800500673715,-0.2859115225191862,-0.2771500224795235,0.6636053360374303,1.068444071710237,0.05603674534340877,-0.9606283304598852,-0.09616083886164771,-0.17179448211552975,-0.7201327339971765,-1.3211390193817618,0.6896853868104864,1.889561153686388,1.498546824050616,1.2261972006772703,1.4723731004530571,Andrew Hsu,8,2.712863452168147,0.35837170225153697,
17,0.28872531030782494,0.8209005755636375,-0.2052362001915297,0.7464750765299545,-0.8012956936385454,-0.8952112688744946,-0.004206924030274008,-0.5120243570411455,-0.43048833661435804,0.7252877029450827,-0.424459417576278,-0.9393893119586834,0.39652914240777865,-1.1244991237428055,-1.087843096076488,-0.4556760059251649,1.4882497202866893,-0.7899969966054634,-1.4467703337033078,-1.14875660185421,-1.2166519641770963,-0.8788151104635118,Andy Zecena,5,-2.6807587423403176,-1.605118063258773,
18,-0.533646605908463,-0.4336719103333891,-0.014312962435690118,-1.2832971273185714,-0.4808061960690099,-0.3797130692752427,-0.3795380631411545,0.10807614723310513,0.8823928692888565,-0.0815843398469302,0.1294254686038593,0.89892724488127,-1.8524171102561537,-0.5078756134358382,0.1184344068955599,-0.7201327339971765,-0.9502714332977212,-0.4875735285400028,1.4584860707760954,1.3578120907320348,1.2545523430731949,1.4605787904263328,Aodhan Hagan,7,1.3396260572996532,2.348382239548968,
19,1.0124868016542246,-0.5479348153190988,0.04193478994890777,-1.4292004146988042,-0.012323819228151347,-0.4721983632230268,0.9542952693419117,0.8616845329391666,0.7055939184599538,-0.5216963631880293,-0.7197739637706025,0.8371637262379381,0.31987905257804383,-0.5173046784685412,-0.7338813338860065,-0.5009199276089461,0.9982751177997105,-0.4751940667580875,-0.36034745532221313,-0.23109009219887858,0.6845853815654115,0.23583899259111343,Arthur Do Carmo,4,-1.3526948015892672,2.018147899284834,
20,1.8594191023107118,2.890944312587953,2.6548996352814065,0.11565792226836223,-0.6200694988730908,-0.6037141127109114,1.3014480136318538,3.555095958143249,1.0062072083561553,-0.2082832556572474,-0.10464873390961418,1.362052214080584,1.3977215528642164,-0.21793068271559815,-0.6473298337773274,0.1862213105688726,1.222496399366858,0.4933265483246066,0.5131933772135291,0.471676113897619,1.2189770200297947,-0.39682274246469224,Bayron Morales-Vega,6,-2.8907761000221766,2.886806041050769,
21,-0.6513727405494533,-0.3364972941324782,-0.9076000877723214,-1.4721131462812251,1.7844292479432067,0.2930929275435587,-0.9216001650101026,-0.8397884398547708,-1.1660848511069912,-0.28496944154243786,-0.3196703850557118,1.7639626434973312,0.832789934055523,1.647257975857126,2.093342394777444,-0.7201327339971765,-0.8363217192723316,3.154540916211356,1.4852200788885945,1.7401212956706136,1.7914519699837987,2.160248636916965,Christian Martinez-Moule,1,5.678189040989159,2.3028503366057156,
22,0.4701441387002448,0.10456207262278285,-0.31571846528226866,-1.0959115327419982,0.3813787416478437,-0.8952112688744946,0.15147803259933595,0.9015198953887096,-0.11748088525811648,-1.6169751485482653,-0.9225475461805306,-0.07777320398006866,-0.042466826617068576,0.01323685101932654,-0.32955560489469526,-0.7201327339971765,0.351265736415163,0.3626327228214806,0.3769095589042652,-0.1730043743882868,0.64451845461279,0.20111395659246978,Cole Sombronsky,4,-0.3480701851400333,1.724838077518343,
23,3.788045194821817,2.8343165454633,0.22003026471806258,1.3072014358735926,-0.604796476802925,-0.8952112688744946,3.0588532169771256,1.8872695078371269,1.4598029497029992,-0.10992488680450124,-0.31286590242450657,-0.46315523524197894,-0.8829377416731855,-0.9732729053779293,-1.1857717920066333,-0.06497409771017956,-0.22797673353110015,-0.7473780918266035,-0.97289392052124,-0.6920056187914587,-0.9241127670842523,-1.000946122927636,Gabriel Juliano,5,-5.3254127401511235,-0.3561065114348276,
24,-0.4645053307347184,0.5201852846925673,-0.7145121017720368,-1.4606697511925797,-0.8012956936385454,-0.8952112688744946,-0.6546538790104723,-0.7033739534242193,-0.06149954297848924,-0.9568071135366155,-0.953848166284076,-1.1370680211016608,1.362320274262442,-1.1244991237428055,-0.6404270261908984,-0.7201327339971765,0.7495497439568419,-0.8934684035972387,-1.024947194031592,-1.1235105344819958,-0.9811289093059294,-0.7476685643480513,Isaac Rodriguez,4,-1.7802226116525535,-0.11717564681604656,
25,-0.8114921005881405,-1.0705550220891804,-0.44466968907546545,-0.718279494816691,-0.36811537522785137,1.8918213913030095,-0.8264947145026394,-1.3047690196885429,-0.17187553979164444,0.22682749469133895,0.46284511753293556,1.2359765093211899,-0.6628144067775359,0.6257275082556737,0.5298154521311043,-0.7201327339971765,-0.7431718082121662,-0.034032392711577215,0.6749482646700837,0.42552546877547887,0.9786331512275662,0.9941733247247567,Jack Greener,7,2.8091979113456,1.0165719159386382,
26,0.6186338074497061,-0.41492226506802377,-0.8247190158251642,-0.5237417783097146,-0.4713710826552818,-0.36453695893566346,0.8424170698422505,0.2660614045261552,0.40830120457626046,-0.9017931106189785,-1.5921086370911648,-1.0235813903007043,-0.599922025378779,-0.8705884361178283,-0.3129549190778498,-0.7201327339971765,0.72654115950922,-0.2877367821686921,-0.37895476829111524,0.03408641799268837,0.11092434417584152,-0.2805934208122377,Kevin Ferriera,4,-1.5096004795389217,0.6898670509432591,
27,-0.8114921005881405,-1.0705550220891804,-0.12842730167147753,-1.3433749515339615,0.05439547721213631,1.8574983289855533,-1.04696804680352,-0.7237345322497546,-0.43203287424194586,-0.45001145029535145,-0.627232999986207,2.0639990313685437,0.10321479865932495,1.3999109516222699,2.0061094024459782,-0.7201327339971765,-0.9213495266187449,3.0980461625230626,0.8343116771340694,1.1640937846714954,1.6583053289724703,2.2480481247345327,Lucas Mesquita,7,4.905986770457771,2.890260114069139,
28,-0.5081844306659146,1.0151890659569784,-0.12765556012870125,0.23867441947130313,-0.8012956936385454,-0.332472045948423,-0.23203345366384312,-0.1671973985606623,-0.00896022003385787,-0.28496944154243786,-0.6081804486188311,-0.9722073625816438,-1.21312274401666,-1.1244991237428055,-0.5308405701979373,-0.428511266485744,0.6677922568124612,-0.8372880071859092,-0.9273147243246594,-0.6211816340236743,-0.7571040019146069,-0.7741670670798972,Phineas Tomsho,5,-2.100934399017437,-0.5428312090421128,
29,-0.22054798763960448,1.1870685656913251,0.286109327300075,0.07560603945810222,-0.11965289043636722,-0.5297436113430435,0.292132580627436,1.9476407519467898,1.0776465897199823,0.09679439688601407,-0.19582880116776985,-0.07535270162232167,-1.7122396080242381,-1.0370668300642245,-0.8577390300965899,-0.15195722600727585,-0.6518196493295306,-0.5423088189724338,-0.0016170034728436047,0.21775841359618592,0.12072571550300143,-0.630388762157112,Tiago Manhaes,6,-1.9081288114833612,0.7108964678626715,
30,-0.05727377947101913,0.08200139384283685,-0.4328094455075723,-2.0471437494856706,-0.8012956936385454,0.037676958780913546,-0.5763898525225307,-0.4321553105142626,0.3366143984869429,-0.8434449257063338,-1.0899378189081885,-0.27239735307412755,0.21767893280506243,0.10298313617376856,0.29269169693744623,-0.47841310358077194,-0.0668506706686914,0.5546803838657374,-0.07979806837225323,-0.09168609550263863,0.3558602430621302,1.6801287115759729,Willy Segal,4,0.7292621307241253,1.793528283207361,
31,-0.8114921005881405,-1.0705550220891804,-0.8797578552172873,0.6077239110801258,1.1726282573010958,-0.02930210301872599,-1.0385921933589026,-0.9781245800579957,-1.4158107984054684,0.9586804425956664,0.8983320059300962,-0.8167933469682457,1.2013550856199982,1.1542050302552145,1.441077520298987,-0.5705562271589262,-1.232788301147833,0.8829419143871216,0.3976981427594096,0.6830047286376333,0.9456575021671789,0.3163065019825515,Adlani Rodriguez,1,3.811173335474722,-1.6732802953879935,
32,-0.49545378344987123,0.7405186745091361,0.9231449509427584,-0.28629133022031733,-0.8012956936385454,1.7434038598192656,-0.7785233557428191,0.5316198307502854,0.4642389728081915,-0.13659834276456728,0.3213118788038576,0.07219731826727384,0.4150308882287498,0.27827083464702157,-0.24232757081233752,-0.7201327339971765,-0.35946923629296657,-0.21629761671429204,1.0825863917668987,0.6064083594712776,0.781547261676332,0.07390996573627005,Aiden Mejia,2,0.8034031603931231,1.2782075188439757,
33,-0.5361863270664124,1.4536910223103756,0.8267532906805081,0.5061637796683964,-0.4837357161564826,-0.8952112688744946,0.15695378088454617,2.3501465602350327,0.7476553879552439,-0.22161998363728042,-0.06518273464862068,0.11366200824732978,-2.2231003982437594,-0.8801042845571556,-0.9436255932742212,-0.7201327339971765,0.3105092912742513,-0.16431992486010707,0.25821341461601366,0.16812015861034435,-0.4854394447205905,-0.5558699549998727,Christian Kence,6,-2.2756910057767987,1.0819347078110502,
34,-0.8114921005881405,-0.5195723459971789,-0.395111969084271,-0.30631727162544736,2.5258610377138266,1.334637288051242,-1.023838624810729,-0.5761406475950562,-1.3619157128399109,0.19181858374375257,0.749994284569813,0.014572409737823673,0.8750742978312603,0.2624854743810226,1.7724465301180872,-0.7201327339971765,-1.0076539386145633,2.0742223749758533,1.963368250542269,1.444314506137115,1.3314329231674917,2.0619600958262376,Dean Lundqvist,1,5.356220311598727,0.5616998371588178,
35,1.3778034483520403,0.3632586708355926,1.889082399366174,-0.20189629144155502,-0.07977832008636122,-0.8952112688744946,1.907862648204485,0.2801951385986464,1.3494192629183397,-1.8003551582737223,-2.015347456752155,-0.24684330134877558,-0.07432140940345144,-0.9162686299195182,-0.7435122416732013,0.48269225972599145,2.2639401405883506,-0.5963306089803828,-1.579560312784366,-1.640069717179966,-1.3422157294424584,-1.3183819582605374,Ethan Fine,3,-5.047647561918495,1.0430994477162385,
36,-0.5828022629019062,-0.5463475102112164,0.19379017452986594,-0.47081607602472975,-0.2737169307450346,4.196360925800582,-0.7408566447442199,-0.7149025597230906,0.1919515315311663,-0.1382654337620723,-0.01482956317770034,-0.12575213057235873,-0.020788013331890943,1.108642481997598,0.25940402805866397,-0.06049693163076967,0.024990358519287208,-0.2757530803719772,0.00455815086676023,-0.24325127380329306,0.21028533326429033,0.5989708795551597,Gabriel Raley,2,1.7773533706462588,0.3985378601611292,
37,1.2800670399172105,0.20792885410207565,1.5750812161603507,-0.043119184586596394,-0.6404574457842045,-0.6365075427793147,1.6987673994170889,0.5215895691539776,0.6063747891233905,0.295178225589009,-0.032521218018834355,-0.7191650477480884,0.6579256025963628,-0.5055918226569236,-0.8358901741882625,0.4864510878313765,0.8447931737887088,-0.6668270900350687,-0.9135824396011047,-0.828515945599503,-1.391496131939079,-1.0277594790564615,Julian Martinez,5,-3.384645651449112,-0.7373254925091547,
38,-0.13314859555937802,-0.6818268164904882,-0.6629446847014877,0.06702349314161764,0.5680029029592236,0.6779870654880884,-0.11527516438707455,0.26324256101123195,-0.5848755694584379,0.00843857401829326,0.36077787806485107,-0.325477592002345,0.6835213392121354,-0.14595649905296504,0.48800916964415947,-0.7201327339971765,-0.8044318031407718,0.09563998532882632,0.6932927167278932,0.3146059479718635,1.6595601388483154,1.077770447178661,Maman Fadi,2,2.1245557797145733,0.3436351291638672,
39,0.11409030946954375,-0.6462272451111364,-0.17050452894658305,-0.3392170325053042,0.2663460253699879,1.165514170703586,-0.1863418488299518,-1.1080719665115601,-0.1954770162214883,-0.39499744737771436,-0.13731025053940052,-0.18368088050863104,-0.31471238880302044,0.6009855214480739,0.9758429464662686,0.169787724634823,0.15494534098144316,0.2331551647589742,0.12282136399546756,-0.2354945005770675,0.04169428289349399,0.4841604339025039,Max Noci,2,1.2349292690963465,-0.01000407971442413,
40,0.10303578270974588,1.3751276965357941,1.3940063966067158,0.08991028331890849,0.2535948388474168,0.2359629181003829,-0.22703627991804748,0.8410683915243159,0.6431837853420255,-0.3266467164800419,0.24510167333435617,0.1650767263734426,0.8990130646249319,-0.5832684474895645,-0.6641674895104163,-0.1339381646877582,-0.34879148496215745,-0.8366237155777957,-0.44662682298200485,-0.9468359617740093,-0.7197264347483038,-0.8279086991411765,Nate Aaron,5,-1.8657540810566817,0.1688506765507328,
41,-0.8114921005881405,-1.0705550220891804,-0.6769821796890801,-0.8298525969309865,0.6833650557861419,3.2838489218938047,-0.7705146188715215,-0.8942450573042601,-0.667654069506913,-0.06491342987188951,0.21244015670456792,-0.6440098908585397,-0.2592549594688437,2.1604703974053376,0.56929781193665,-0.4107522668616503,-0.0946533840983431,0.42402461219266785,1.0049110912596448,0.776645658378705,0.960695387226542,1.740658042721577,Nate Sykora,2,4.0586428433262824,0.44482068386482415,
42,3.4618409901151868,0.8885292376817573,-0.5471884099168565,1.421635386760049,-0.6041273534765835,-0.8952112688744946,2.3976881068947136,-1.0299586942776529,0.24348275401631103,-0.30330744251498354,-1.2995158839493228,-1.0753513237547003,0.34775181251612824,-0.8210167695213514,-0.7766679012979981,5.853763230562477,-0.22406842431908558,-0.8575884872826605,-1.8053433009727422,-1.4331138925852642,-1.4160524278482918,-1.6310162937989225,Reid Aquino,0,-5.060487894017942,-3.7842165679457467,
43,-0.8114921005881405,0.4896286912289633,-0.7705071090057366,0.16000107823686455,-0.4087413259940518,-0.2637987848455797,-0.26980966724319955,0.021758448098864153,-0.44483682938861036,-0.3333150804700596,-1.096742301539395,0.14946181177194837,-1.21312274401666,-0.6713330998968716,-0.7531840784179664,0.9159131261093361,-0.9588284150052306,-0.8212693469029406,-0.730013123221992,-0.7735246629248982,-1.1968803051303907,-0.43804075866132397,Thomas Casey,8,-1.4020859940793626,-0.8278171421176725,
44,0.9087431182568128,2.5440067221164666,1.7680589424936157,0.29303054614236945,0.19083362201698092,-0.8952112688744946,1.6473752203336731,1.943504062723657,1.622900189715628,0.06011839494092268,0.31450739617265233,0.8047211201013452,-0.5302401255335645,-0.6790979627519186,-0.8467882534427309,0.10684523051168411,1.258359409777756,-0.37917594646303066,1.0260168819733309,0.8527463133320219,0.9158634463546207,0.9528645945257608,Valentin Estevez Rubino,6,-2.2265618280735784,2.432843401737758,
45,-0.8114921005881405,-1.0705550220891804,-1.0455606683191199,-0.15469228670089188,3.3570468188958893,-0.2871589855604692,-1.1432640856742142,-0.7595467426354116,-1.617270545456075,-0.03990706490932613,-0.057017355491173614,-0.34291345658940164,1.5184077299157217,1.3484362512162356,2.2196663542287065,-0.7201327339971765,-1.3757168721261412,0.9462029696871851,0.6192753045498857,0.5254997718600405,0.9437729086760794,1.360737698966135,Nishant Rajagopalan,1,4.821130665235568,-0.4960312705465464,
46,-0.8114921005881405,0.5491078357249625,1.5779325154354844,0.674953857225919,-0.5975358019286473,-0.23972734117292369,-0.48007280962893684,1.0541935184922473,0.232637378970146,-0.23495671161731344,-0.23801659348124507,0.03905851987952728,0.5543381508807633,-0.1836148278984617,0.08324264966096773,-0.7201327339971765,1.4914609990258108,-0.08939103391978369,0.3223285925973517,0.1393344311522513,-0.05803491834283846,0.030837505465161445,Brendan Furlonge,6,-0.7476162905929032,1.1080568325014437,
47,0.2003259830605846,0.4756516814791921,-0.34010745115369256,0.7278795595109059,-0.8012956936385454,-0.8952112688744946,0.5059807581894133,1.3590214175924802,-0.5726878450713931,0.5619127851896765,0.5608296674222965,-0.1551149987438954,-0.8554223248112302,-0.825094919858034,-1.0094881960363806,-0.39585488714515804,0.3801864978022184,-0.3846990676462268,0.5985609802613886,0.6249054420238541,0.3679742743316425,-0.31961823958533553,Connor Seymour,8,-1.003675738290355,-0.2149869308767062,
48,-0.8114921005881405,2.1036118429373873,0.8933585009642957,1.1226766900691802,-0.8012956936385454,0.8175858142384236,-0.41444260369510755,2.660581489103268,0.631587220702612,0.6886117009999914,0.4737322897428643,2.928569416580691,-0.24952161472856085,0.7194178008716844,0.5835687338552545,-0.7201327339971765,0.4619466141482175,0.9291937937378968,0.5171572701029241,1.0980968293793456,0.36050714302698394,0.12702161868280984,Devin Smith,6,0.3367366989842233,2.3812242652683087,
49,-0.8114921005881405,-0.5499054797488498,0.09537730922824157,-0.9457169722035241,-0.27729778207689115,0.7904600685782648,-0.9553806523262837,-0.05910048563649877,0.048690484628675944,0.5469089662121385,0.8357307657230033,0.778713399991738,-0.042466826617068576,0.18612810208612107,-0.32805229201499636,-0.5017465219015108,0.5024033546657437,-0.5753539185090881,0.16593597372708457,0.04022673120016502,-0.21166531922586831,0.36063118141228295,Ethan Pham,2,0.8424685507438794,0.5811992158028896,
50,1.1919525750178719,0.46022389840589356,-0.60018195522765,0.43035128720611865,-0.647233336492037,-0.6474063693775592,1.1410013382007584,-0.10839101790505763,-0.07530392949966362,0.8453182547653846,0.7159718714137848,-0.767809113213184,-0.002444402090586556,-0.4130988024946431,-0.7518298595549358,2.2334560449356897,-0.6803635642121613,-0.9685520289491233,-1.8378723083014088,-1.9108682491828666,-1.4517034529493626,-1.3768507326650912,Finn van Clief,0,-3.0509095671308546,-3.1524482975289847,
51,-0.5210538014244275,-0.7376807245273298,-0.2354278339810034,0.6878276767006459,1.208794655630752,0.9908062521279772,-0.8480111528022064,-0.7624277661522562,-1.0799448122979671,1.0987160863860166,1.2480824131740647,1.3946075058946925,-0.0792799057805775,1.0670414833809738,1.2863147461124211,-0.7201327339971765,-1.108880118592868,0.41408722825395106,1.3084754116048818,1.434645190577404,1.1826326646225873,1.3296865999348957,Jake Ciavarro,1,4.2354481782750515,0.1136994535480027,
52,0.5050016566216383,-0.3999563886328634,0.07485050765571004,0.8795045444354614,-0.6325678571327774,-0.0810295568313825,-0.267042308374069,-0.2220941143047252,0.009443838635056642,1.3271075530440877,0.9459633843485348,-0.2898193550119054,1.0593269779943122,-0.34537929644090837,-0.48933534938530965,-0.15756815461135298,0.7745285939370303,-0.9052469422027069,-0.9192938075924093,-0.13861555033614667,-0.5459267585524308,-0.9850915109307379,Jonah Greenblatt,5,-1.0234619415060677,-1.649289680507465,
53,0.13811751443898684,0.01780224508361813,1.3967678817229408,0.24439611701562483,-0.8012956936385454,-0.01428633713683357,0.583915999481788,1.4585462685908763,1.4601498994044297,0.5985887871347678,-0.26659542053230784,-0.462413949738138,0.013278693259103266,-0.9137519187487689,-0.7851980471756508,-0.26362177671049325,2.3563987230531076,-0.6603264476307195,-1.015858739826139,-0.5677909956495445,-0.45734376238543,-1.0645549212860559,Kaio Morias,5,-3.178340522586356,0.4714850462948535,
54,-0.0380341749775331,-0.7159678145168755,-0.482864171961737,0.3631213410603255,-0.8012956936385454,-0.8952112688744946,0.9028831125306775,-0.8130692048734381,-0.23675952845021114,0.0017702100282779355,-1.4587407775195338,-0.46146465756749433,-0.11506564319998891,-0.8498530486846638,-0.8642300251864758,2.9981533116994425,-0.1440009760870874,-0.9685520289491233,-1.917410031676226,-1.8177697735408882,-1.6315197872423421,-1.4150974567705408,Killian Walsh,0,-3.250277121972225,-2.49744126955986,
55,-0.8114921005881405,-0.7360679614577471,-0.6069252860998396,-1.0801768644951104,0.8818952722789781,0.7292074763743127,-1.185541934841806,-1.0770683644596666,-1.5253758148218954,1.053704629453405,1.0031210384506624,-0.293656569629249,0.890997368956463,1.9196612060168232,3.1752075170114025,-0.2992314008011696,-1.2416520884953253,0.1050274048613507,0.7833377497790269,0.9069066262478921,-0.22910896374844103,1.0039629423397654,Marcus Cooper,1,4.598257847889128,-1.0029371993873895,
56,-0.8114921005881405,-0.7999233901239599,0.457191947668454,0.3445258240412749,1.3776811177475894,0.2000455879769159,-0.9998346338268018,0.5661560818224883,-1.3569157496651088,0.7636307958876791,1.0956620022350598,-0.14408253313774796,1.0886016926095903,2.9630548584974687,1.8257557389361316,-0.15255116355646164,-0.8333614949916756,4.754168255024857,2.533340252477194,2.7205847163278487,0.9765324915177022,0.035751189758058015,Sam Cunniffe,1,5.765949796720787,-0.099326630137858,
57,-0.2088217329387749,0.6562616190896049,0.09791563266051512,0.8537569054860077,-0.8012956936385454,-0.61567147479466,0.49730992915150873,0.31719260305098246,0.030647704854857242,0.9586804425956664,0.48870215153151664,0.9094040345723498,0.7110588213642778,-0.5894957138996819,-0.850724249394533,-0.14068277453974254,-0.17604160970090957,-0.3817053243479002,-0.7502266620699449,-0.4059849065019202,-0.25134138703352316,-0.6052432737948679,Vasilian Mbrice,5,-1.352793076205598,-0.576912282173938,
58,1.6713225544695745,0.24278922612250942,1.9875504947507014,1.4430917525512605,-0.8012956936385454,-0.8952112688744946,1.267600325375687,1.6272160526452146,1.0323391369306048,1.6688612075324405,1.6890128876761907,0.19432082097218872,-0.7922987214220353,-0.9549569841935976,-0.9541863961419425,-0.1692510905497714,-0.030478358382302534,-0.5139556720310547,-0.21347247914056153,0.44425027862661454,-0.8294120484218219,-1.301892675602857,William Recupero,5,-2.905447541137961,-0.9047104234942137,
59,-0.6092190876715721,-1.0705550220891804,-0.819410808482464,0.7650705935490031,-0.8012956936385454,-0.5199258099318559,-0.32577550452074316,-0.16667745625444855,-0.8499469985978714,1.2387517301763669,1.4726303400038512,0.18770289611255558,-0.6765721152085139,-0.04712657544555498,-0.061729158197965366,-0.7201327339971765,-1.1898809329629416,0.5196064340359793,1.557400986064063,1.9699852017007458,0.6822854261776096,-0.3597564896417783,Landon van Buren,8,2.2395687914509037,-0.8758800053361789,
60,0.9474471226939878,-0.1401220124621209,3.392998415549097,1.5775516448428468,-0.8012956936385454,-0.39314473844719083,2.0212685794582135,1.6393548576389894,1.1044687863495073,1.2554226401514075,1.2929919985400216,1.2288838743134989,0.29716791485071475,-0.8242206488224315,-0.7458446197844009,-0.5900428340695699,0.9861360276340047,-0.675773112482655,0.5124533430613949,0.8611118279252965,0.43108177279442783,-0.28863409026471926,Logan Moniz,6,-2.225887733217384,1.0920787463911632,
61,-0.8114921005881405,-0.3250028696666337,-0.7958018435253096,0.351677945971678,-0.05094879220144667,-0.2917554931017199,-0.00931831635569221,1.0122482475020105,-0.6549783741515249,0.32185168154907745,0.3634996711173328,-0.5616682895540668,0.36828963562840233,0.6079066261649765,-0.04382712742182647,-0.40741122509992744,-0.28003406163152345,1.0724901064262966,1.5840712685522362,1.7298714132261157,0.9727923792000857,0.8288594194532137,Karim Eljamal,8,2.231551304562833,0.22269240355593262,
62,-0.8114921005881405,0.31436231621228056,-1.146754200511969,0.12567089297092623,-0.8012956936385454,-0.8952112688744946,0.04499914699346875,-0.28356501635058723,-0.22292850577763193,-0.34165053545757995,-0.07334811380606775,-0.6551115006115321,-0.0835424728416156,-0.051809237808598675,-0.4432132962145945,0.15122168096426572,-0.5430898508202102,0.7310339860371671,0.4085185470013119,0.27175410773846015,-0.2582445892710551,-0.3664405068019144,Ben Shapiro,8,0.0921770970512786,-0.663727647130822,
63,-0.6155360067476913,-0.1722059093458126,-0.9116357588805017,-0.34064745689138365,-0.5752640636025164,-0.8952112688744946,-0.5815247962143107,0.28512940454220037,-0.05442256651611277,-0.7484207388485953,-1.0218929925961324,-0.08471363251329797,0.28422784800607354,-0.9505446968923821,-0.15623986603575227,-0.5317266720330565,0.7246604797476724,1.0243637679640085,-0.3472071031999493,-0.11047370435176769,0.3131825665240483,-0.7133851101301372,Benjamin Wiseman,4,-0.45763845377704754,0.6753461732728606,
64,0.39228294430702554,1.1368991526295356,0.8965745534006496,0.6849668279284851,-0.5235893664080286,-0.4485285763360541,1.075929096569929,1.0058962902199815,0.4638933999016829,-0.14493379775208998,-0.6231503104074835,-1.2092710447040653,1.7585422770746113,-0.5901906623736988,-0.9232037669005674,-0.2571749126720723,1.5734940355637537,-0.708070067296702,-1.2026454392704218,-1.1420747140890735,-1.0124979285657882,-1.3813255499984027,Eoghan Murphy,5,-3.4773119275662934,-0.6685898263411503,
65,-0.22362381906679293,-0.6213804657174965,-0.40556260191467064,0.6434845207321436,0.7809257166136588,0.5590504054666625,-0.3992533134660891,-0.8581363046048379,-0.8138979459984925,0.8186447988053162,0.8901666267726491,0.7474295844810528,0.3539457591690368,0.7889995716118539,-0.21485146285810322,0.4103036377875444,-0.9556414017513786,1.2787785505486637,0.4272645131624247,0.7173605112538208,0.6248322166653316,0.7382265123649534,George Nouaime,1,2.5450065323007314,-0.7435637706821042,
66,-0.8114921005881405,1.8772728734841688,-0.07972668671877965,0.22437017561049483,0.08874004171254807,1.4907838138137612,-0.9204236739372534,0.25394832120668887,0.005684604849461704,0.8136435258128035,1.0140082106605912,0.47447808179315293,0.6835213392121354,0.4737721644584814,0.5196954962934003,-0.7201327339971765,2.2475813963179814,0.3115243984847144,0.016926995722671142,0.22311615791344866,0.8381580138110958,0.3587027221697111,Giovanni Della Rocca,2,1.0274568060177214,0.7358978315065096,
67,-0.8114921005881405,-1.0705550220891804,-0.8556514158911567,0.5362026917760904,-0.8012956936385454,0.8510388822679731,-1.219474985833087,-0.6859765659813288,-0.5539451598594868,-0.3249796254825393,0.37983042943222695,-1.0744439712259541,-3.3593252592492453,0.546550589189076,0.7593831730734105,-0.7201327339971765,-1.3757168721261412,-0.5612233614151494,-0.2087743021450942,-0.5987496119529029,-0.9079321824409897,-0.24626699509532726,Haris Kennedy,8,0.8672614703634929,-1.4522644917618408,
68,1.1776186285220667,-0.31064165594357984,1.547790657165386,0.25297866333210944,-0.4188954565825447,-0.28013141376652617,1.7100099402518454,1.0647932030269684,1.1251381700884204,-0.4583469052828718,-0.5047523126245049,0.4138853330022497,0.4378022677007126,-0.3887590189846849,-0.8641918283143072,-0.40138742058071797,1.5685435164286659,0.5379139291291952,0.2703707534860725,0.22765912366501131,0.1085320578686229,-0.21728570602248937,Ian Hecker,6,-2.081375548629982,1.6315720745907367,
69,-0.8114921005881405,-1.0705550220891804,-0.6293153514790328,0.3173477607057417,1.8322655093838942,0.5167913801857441,-0.6885502815045649,-1.3686968872075758,-1.0823290734908433,1.1770693632687121,1.5638104072620067,-0.09630476197301106,0.5428611320827276,2.4223909807746433,1.4634469962470902,0.5603857882213763,-1.2009160424268335,1.0899630312352044,0.8096624766352293,0.7009463657928681,0.9113587094270074,0.7729036061829112,James Hirsh,1,4.562021380081617,-1.594959294500793,
70,0.5310837518610593,-0.04472843495206522,-0.24381470286065848,0.009806517698388459,-0.5431897386865568,-0.0648991613476155,0.23747812181038847,0.6506283090498783,0.3011853006185003,-0.8151043787487627,-0.8381719615535811,-0.8760843048116778,0.21767893280506243,-0.7272213316639035,-0.2742468700391481,1.431279726915548,0.6115495194058369,-0.5327769314387797,-1.0350852738219058,-1.0376856362158036,-0.8237829661793473,-0.6762065063632535,Mason Taylor,5,-2.354329113101832,-0.6955738365039543,
71,-0.8114921005881405,-1.0705550220891804,-0.8928903418386405,0.4575293505416518,4.302323000081577,1.1570449423317635,-0.8520152940911971,-1.139379069230398,-1.4991766921325769,1.12038826935357,1.2684958610676822,-0.5652916210266937,1.318295607283312,1.0497943117614261,1.908204489195992,1.1030369443166919,-1.3757168721261412,2.4165928261076166,0.6180565525839482,0.8405807983631973,0.013641724347039391,0.28954327669922214,Maxim Makar,1,5.093220478901771,-2.520135197321649,
72,1.0396727195272284,-0.6462272451111364,0.6661336234497566,1.5975775862479769,-0.587767349836839,-0.8952112688744946,2.0521132813435083,0.37696132670824395,0.9229224900515897,-1.1635263972271332,-1.2219447819535787,-0.22298647745148018,-0.3955217858328181,-0.9601672527722456,-1.0451403894478652,1.771644550172423,-0.5820401690333198,-0.8884382160352501,-1.4311376982530808,-1.5907597840194228,-1.4630693286812513,-1.6088970127857392,Miguel Pereira,0,-4.369469494533267,-1.3178641877616797,
73,0.10745379180780323,1.5624781325381212,0.14148665391609,1.0153948611131272,-0.8012956936385454,-0.8952112688744946,-0.09758775305956399,0.6300276409782442,0.5678926567129994,0.6302635160873465,0.5703559431059854,-0.6543286767014983,-0.35464173792362613,-0.8185861328170607,-0.9707443486505496,-0.4992478238226131,0.7349598129539838,-0.7199914385393756,-0.9672150081914509,-1.1254658098206056,-1.2576383796198831,-1.0018833773091465,Nicholas Mesquita,5,-2.8436474976893407,-1.1882227899440294,
74,-0.8114921005881405,-0.29571630924599474,-0.7307046655567468,0.3302215801804686,-0.021473885859921837,1.2998506495088546,-0.6692339973684073,-0.29809168621059406,-1.2634309568091662,0.3485251375091435,0.7989865595144935,-0.36657763126626686,0.8308796514429447,-0.29928938896162943,0.38118111391868226,-0.7201327339971765,1.4193307381163276,0.6772203651275387,0.7544669360866305,0.35241852336874435,-0.04300511816791554,0.5735278872891989,Owen Zhang,2,1.854204514344207,-0.4278990963752836,
75,-0.2067039153817741,-1.0705550220891804,-0.09226470172879596,-0.7926615628928892,-0.10368401619802986,0.2268771816588176,0.18690688657663618,-1.2745214813047256,-0.11789159923330886,0.6035900601272806,0.4016047738520845,-0.3328527243278784,0.933079771215925,1.0230346438804958,-0.3972182686336706,-0.7201327339971765,0.4764231105646511,-0.9685520289491233,-0.5368214242227862,-0.628011516658441,0.2252573138235458,-0.3649032035038851,Peter Magnuson,2,0.39433261439218953,-0.5631928533834186,
76,0.030589491861357742,0.8596815850215703,0.36175372526865684,-1.1388242643244202,-0.15374561840019169,-0.3744283719820536,0.08598293114742031,0.4338311944143657,-0.14558376071471296,-0.29830616952247085,-0.5864061041989717,-1.3374265294480372,0.21767893280506243,-0.7507321795641926,-1.0013557283255952,0.6292620341242248,1.031202039210337,-0.7863360360168702,-1.0960763520792696,-1.2931274811671074,-1.1341633312041626,-1.295681664246233,Sebastian Snibbe,5,-2.737511893620903,-0.7604526096364554,
77,-0.8114921005881405,-1.0705550220891804,-1.270827646475137,-0.27627835951775337,1.1005872371938097,0.12449684858096058,-1.0916687499827145,-1.1143540416570652,-1.590819410840386,1.150395907308646,1.2072555173868311,-1.2903342659670662,-0.35464173792362613,2.046836097879743,2.076562497583585,-0.19170186312335785,-1.2074019612903721,0.696441064620405,1.2271632983252583,1.4024900534905504,0.09303102940072577,1.1023841725606096,Mason Comesu,1,4.715883390704132,-1.798069946479411,
78,0.9294588602949261,-0.2724263594957954,0.4566631958638188,1.251414884816445,-0.39966492443001755,-0.8952112688744946,-0.004946363070008192,0.31585880077071893,0.18281987861495236,0.046781666960889666,0.1294254686038593,-1.1345128065538592,-2.0716037501096944,-0.9699511734138454,-1.0550300695618484,1.2885154780642298,-0.7359256272382698,-0.817863966971237,-1.0654867026067423,-1.0480761865268042,-1.220866299017254,-1.3545761398534781,Adin Pezo,0,-2.9450254658286585,-2.2344257790153264,
79,-0.12424848111804251,0.11093036263976183,-0.9646391996214753,0.6606496133651127,1.3786910542331863,0.061092293645054196,-0.5003188475398321,1.2289513346370258,-0.8621663386275863,0.37186441147420185,0.5050329098464107,-0.3416431910975493,-0.1911215462868571,0.24818289942998903,-0.003592264613936345,0.27101427309530296,-0.32338862183519473,1.8197788383684388,1.3743330367255153,1.5574852919812057,0.5646238035557013,0.21248744843970396,Amir Yahalom,8,2.1780649630394238,-0.41172289593946515,
80,4.016656632914288,1.5644880815111186,1.775477494222612,1.754924268716854,-0.8012956936385454,-0.8952112688744946,2.14875591989078,1.3025049773957578,0.7793975066021716,-0.37999362840017636,0.18386132965350513,-1.0439333766524734,-1.4656171575734351,-1.1244991237428055,-1.1080966725984267,-0.05697216016774291,0.5253422276647288,-0.2720511012574426,-0.8233964805407686,-0.8596866639506582,-1.3377014940992566,-1.0908391246254452,Andreas Garcia,5,-5.180350360434233,-0.8707073773951314,
81,-0.8114921005881405,-1.0705550220891804,-0.8793517816257851,-2.5435010114556764,0.024888885113837092,0.43368301974759726,-1.1361957738877788,-1.45440850635825,-0.7800065497538426,-0.9201311115915242,-1.5077330524642143,-0.35300808350975266,0.933079771215925,1.1009178542401994,0.34195870695423036,-0.7201327339971765,0.5984309049059947,-0.736069555207973,-0.616473381901031,-0.7499939442102811,-0.6372891634087539,0.33646467492302695,Andrew Plourde,4,1.1383910264825574,0.6457015663261136,
82,-0.22093422562192377,-1.0705550220891804,-0.9986356883647748,-1.2518277908247961,0.9016975189368313,1.2961614698140922,-0.4641651920036297,-0.5311987393726548,-0.6296791774804481,-0.4133354483502601,-0.05565645896493373,0.32054827242978423,-0.599922025378779,1.8899434956637255,0.7317832881726898,-0.43623065827281127,-0.01929670833200208,0.1815524440879794,-0.06108809639668564,-0.36118228948134934,-0.029037945267803917,0.6927232068610436,Daniel Woodward,2,2.241100442120583,0.37787774784909245,
83,-0.8114921005881405,0.46192287612009497,-0.8238171816423134,-0.17900950126426418,0.7410377819014184,1.5855880579427735,-1.0640081329007802,-0.9842317872313495,-0.9268994730495042,0.736957339927613,0.45195794532300676,-0.17037543426271676,1.6484806096267874,0.21085691766779907,0.6384644320555348,-0.07733558141370761,0.7740811233211735,-0.3898831116977508,-0.5531555592768662,-0.44879708104059185,-0.42825843119769724,-0.007802990217663134,Dylan Furlonge,2,1.4239492132767726,-1.1528787830527725,
84,-0.47942537927306816,-1.0705550220891804,-0.9558822873781758,0.5104550528266366,2.262965522373599,2.185274113515746,-0.9105981732818005,-1.3523277181577162,-1.5196721754399705,1.3987924659367654,1.7461705417783182,-1.0277328227973594,0.575379352010495,1.7496326868125802,1.0235204618443459,0.3973208606400721,-1.324869809756791,1.5823044557178796,0.8768514012489377,0.7873410475736368,0.26007651931756476,0.43283465155395406,Henry Wasserman,1,4.79837673041354,-2.594424064366633,
85,-0.8114921005881405,-1.0705550220891804,-1.1511522456699674,-0.19331374512507046,0.9016975189368313,1.8440046544862392,-1.0723367143078681,-1.4079526391683732,-1.4327001897154035,0.7602966138926714,1.1174363466549173,-1.0677265125887676,0.21767893280506243,2.2456851712458628,0.8705712808163152,-0.7201327339971765,-1.3111254357549917,0.26370276359062966,0.3508832203965425,0.04560947329762841,-0.21166531922586831,0.8160716734562977,Jinsei Murakawa,1,3.963677620636339,-1.8603110428598753,
86,-0.1800780204355819,0.376785215108468,-0.7982378848196398,1.3043405871014317,-0.5585209798961439,0.27627730212254825,-0.5342692266129199,-0.257392517622482,-0.8337535114751559,0.510232964267047,0.3213118788038576,-0.44376802058678655,-0.14002148640036763,-0.5639793038914407,-0.865006027609736,-0.7201327339971765,-0.5377885529129903,0.5343797422454135,0.07689137297767197,0.34204998263527037,-0.16134570735362544,-1.0769954288253012,Joseph Perotta,8,0.1016027255858907,-1.4359825274328695,
87,-0.2260994548490335,0.27129394417569525,-0.5480893277540273,0.19003999034455854,-0.46367604799677997,-0.8952112688744946,-0.402707437774729,-0.11463861583920776,0.22721676274143024,0.00010311903077291995,-0.24346017958620847,-0.7551590494707,0.6946128250789704,-0.9945827223486845,-1.079927873683617,1.2498000363351551,-0.38970882303185916,-0.6518727927711067,-1.238823857270863,-0.8947299390240262,-1.5275560187154629,-1.2128847362533903,Michael Vella,5,-2.2193155494099237,-1.8569679857872252,
88,-0.6049183583160073,-0.12352992861417625,-0.6215808661380487,-0.6553408218291401,2.29632982059321,1.4043774075271092,-0.643032045536756,-0.9623279583105393,-1.1820838638497098,0.9019993486805243,1.1269626223386042,0.45084301197685905,0.32566396501802375,1.167750139538239,1.07488506721836,0.8687842330198479,-1.1226672942441072,0.05954776290617425,0.030041498872878807,-0.18382234027938876,-0.19233967118797796,0.3978036221209508,Nayan Das,1,2.9658030628662244,-1.3683707034621921,
89,-0.18271440490385968,1.8120391037700199,2.0683321803261268,-0.1604139842452156,-0.8012956936385454,-0.31191267976636355,0.31580075755531484,0.691850954123281,1.168964213868313,-0.6033838220657347,-0.3836325217890446,-0.2717286999651599,0.575379352010495,-0.8454094013324704,-0.8351065448883674,1.3957971414432921,1.223852460573274,-0.9005221888599418,-1.2412588795862516,-1.150268008061508,-1.0150514706966265,-1.1621390162822014,Timothy Shine,5,-3.861531105334783,0.2175147987668928,
90,-0.3069954234813222,1.2422801308196252,1.4268757424473273,1.101220324277971,-0.8012956936385454,-0.8952112688744946,2.2413551795892324,0.4919513418753325,1.4078238404136902,-0.11325906879950891,0.1294254686038593,-1.1775462718834757,-2.864047755734033,-0.9005728640534412,-1.0603507456622667,0.24998491169412235,1.2507851535790928,-0.5318847806714962,-0.47557274217591333,-0.6793007245041293,-1.4610830319468697,-1.1599831582304845,Christian Martins,5,-4.204888513196822,-0.5929113975837162,
91,-0.8114921005881405,-1.0705550220891804,-1.0537111118360944,-0.08889276494118015,1.1287632806135481,-0.37780381668413404,-1.15462515504975,-0.6986877884564374,-1.1738421189051333,0.7869700698527374,0.7227763540449901,-1.459329471660309,1.8528808491727466,0.3608783988633113,0.16506565154455194,-0.45200299581305364,-0.4362703142390891,-0.3047571633382027,-0.19397219263470938,-0.1993571259497527,-0.356607679510047,0.4400872734270602,Owen Baldwin,8,2.018432107099209,-2.034753016124509,
92,0.5972287424089152,-1.0705550220891804,-0.5414070288476409,0.8823653932076222,-0.8012956936385454,-0.8952112688744946,0.8115561971661001,0.030929247158770313,0.3103955881744414,0.7669649778826868,0.25871063859676663,-1.2157745252100165,0.7379704516493268,-0.9994439534579128,-0.9162990437250309,0.9052000100936712,0.43622699494404676,-0.7246882803787367,-1.247445260484106,-0.7699264753714761,-1.5012591238422162,-1.4032776310274393,Shai Saarony,5,-2.5727190009867864,-2.557999530969162,
93,-0.07148100419312695,-1.0705550220891804,-1.0551267719366613,1.3758618064054673,-0.8012956936385454,-0.20872472297082226,-0.617184174135262,-1.040985081643634,-1.5883564717880476,1.587173748654735,1.8836210909286706,-1.4810070144933156,1.362320274262442,1.9958885465968252,1.2235088051066159,1.0586149148901252,-1.3757168721261412,1.113127647882979,1.4385737550129978,1.3996525754426885,-0.10717861527653759,0.4105673778679687,Zachary Miles,1,3.575981453825927,-3.294944368760848,
94,2.0891613462764234,1.1457573154494343,-0.34297361837660095,2.5230621640421953,-0.8012956936385454,-0.8952112688744946,1.3661908193966041,-0.481597247308517,-0.13305203999382284,-0.26663144056989213,-1.1144339563805288,-1.5658751306273202,-2.643924420838384,-1.1244991237428055,-1.1389484288092129,2.9983920459559887,-0.1912986231630405,-0.9685520289491233,-1.5213407169372315,-1.3596168394976533,-1.710038958349819,-0.955156869338473,Christi Vilkimkin,0,-4.646037802536981,-3.299718018892934,
95,-0.3069954234813222,0.0858625543652224,0.22168837379197354,1.0125340123409663,-0.8012956936385454,-0.8952112688744946,0.07100405890065918,-0.4278557115998545,-0.46121221701037,1.3254404620465827,1.2671349645414405,-0.5883902681262106,0.933079771215925,-0.4527203446747125,-0.305861429783261,0.24998491169412235,-0.13971591885308965,0.013949279675537293,-0.14600122775837904,0.0683251859280302,-0.6364411208225152,-0.8157644893063755,Hayes Benzan,8,-0.4349284081791437,-2.0791647591307862,
96,-0.8114921005881405,1.086886518983565,1.2104713213526246,1.7277462053813208,-0.8012956936385454,-0.8952112688744946,-1.000606806939324,0.3436324545024588,-0.23207558497040096,1.4554735598519075,1.2031728278081077,-0.8745995767696546,-0.35464173792362613,-0.28897426727686476,-0.5074515438696827,-0.7201327339971765,2.659633115161423,-0.9685520289491233,-1.192545272681432,-1.1608289986252893,-1.074253540867084,-1.347152059457969,Anthony Ruscito,5,-2.3423663124382514,-1.7871836811410655,
